time,lat,lon,trajectory
2024-06-06 14:00:37,78.3832716,16.3620832,2024-06-Isfjorden-Mooring-05
2024-06-06 14:30:27,78.3832673,16.3620559,2024-06-Isfjorden-Mooring-05
2024-06-06 15:00:38,78.3832585,16.361936,2024-06-Isfjorden-Mooring-05
2024-06-06 15:30:38,78.3832452,16.3619122,2024-06-Isfjorden-Mooring-05
2024-06-06 16:00:38,78.3832791,16.3618135,2024-06-Isfjorden-Mooring-05
2024-06-06 16:30:27,78.3832867,16.3619711,2024-06-Isfjorden-Mooring-05
2024-06-06 17:00:37,78.3832662,16.3619068,2024-06-Isfjorden-Mooring-05
2024-06-06 17:30:38,78.3832772,16.3620114,2024-06-Isfjorden-Mooring-05
2024-06-06 18:00:38,78.3832705,16.3619789,2024-06-Isfjorden-Mooring-05
2024-06-06 18:30:25,78.3832919,16.3619668,2024-06-Isfjorden-Mooring-05
2024-06-06 19:00:38,78.3832921,16.3619695,2024-06-Isfjorden-Mooring-05
2024-06-06 19:30:38,78.3832878,16.3619851,2024-06-Isfjorden-Mooring-05
2024-06-06 20:00:36,78.3832826,16.3620501,2024-06-Isfjorden-Mooring-05
2024-06-06 20:30:27,78.3832512,16.3620645,2024-06-Isfjorden-Mooring-05
2024-06-06 21:00:38,78.383215,16.3619298,2024-06-Isfjorden-Mooring-05
2024-06-06 21:30:38,78.3832357,16.3619538,2024-06-Isfjorden-Mooring-05
2024-06-06 22:00:38,78.3832274,16.361888,2024-06-Isfjorden-Mooring-05
2024-06-06 22:30:27,78.3832011,16.3618029,2024-06-Isfjorden-Mooring-05
2024-06-06 23:00:36,78.3831906,16.3617005,2024-06-Isfjorden-Mooring-05
2024-06-06 23:30:38,78.3831928,16.3617603,2024-06-Isfjorden-Mooring-05
2024-06-07 00:00:38,78.3832023,16.3618041,2024-06-Isfjorden-Mooring-05
2024-06-07 00:30:27,78.3831754,16.3617105,2024-06-Isfjorden-Mooring-05
2024-06-07 01:00:38,78.3832121,16.3617409,2024-06-Isfjorden-Mooring-05
2024-06-07 02:00:36,78.3832032,16.3617402,2024-06-Isfjorden-Mooring-05
2024-06-07 02:30:25,78.3832014,16.361783,2024-06-Isfjorden-Mooring-05
2024-06-07 03:00:38,78.3832032,16.3617634,2024-06-Isfjorden-Mooring-05
2024-06-07 03:30:38,78.3832049,16.3616795,2024-06-Isfjorden-Mooring-05
2024-06-07 04:00:39,78.3832042,16.3615969,2024-06-Isfjorden-Mooring-05
2024-06-07 04:30:28,78.3832283,16.3615132,2024-06-Isfjorden-Mooring-05
2024-06-07 05:00:37,78.3832442,16.3615707,2024-06-Isfjorden-Mooring-05
2024-06-07 05:30:39,78.3832505,16.3616744,2024-06-Isfjorden-Mooring-05
2024-06-07 06:00:39,78.3832481,16.361682,2024-06-Isfjorden-Mooring-05
2024-06-07 06:30:24,78.3832734,16.3618334,2024-06-Isfjorden-Mooring-05
2024-06-07 07:00:39,78.3832667,16.3617904,2024-06-Isfjorden-Mooring-05
2024-06-07 07:30:40,78.3832559,16.3619844,2024-06-Isfjorden-Mooring-05
2024-06-07 08:00:36,78.3832369,16.361701,2024-06-Isfjorden-Mooring-05
2024-06-07 08:30:27,78.3832551,16.361811,2024-06-Isfjorden-Mooring-05
2024-06-07 09:00:38,78.3832312,16.361895,2024-06-Isfjorden-Mooring-05
2024-06-07 09:30:38,78.3832482,16.3619746,2024-06-Isfjorden-Mooring-05
2024-06-07 10:00:38,78.3832854,16.3619785,2024-06-Isfjorden-Mooring-05
2024-06-07 10:30:26,78.3832905,16.3620551,2024-06-Isfjorden-Mooring-05
2024-06-07 11:00:37,78.3832893,16.3620394,2024-06-Isfjorden-Mooring-05
2024-06-07 11:30:38,78.3833206,16.3620541,2024-06-Isfjorden-Mooring-05
2024-06-07 12:30:27,78.3833256,16.362028,2024-06-Isfjorden-Mooring-05
2024-06-07 13:00:38,78.3833161,16.3620332,2024-06-Isfjorden-Mooring-05
2024-06-07 13:30:38,78.3832928,16.361921,2024-06-Isfjorden-Mooring-05
2024-06-07 14:00:37,78.3832966,16.3619223,2024-06-Isfjorden-Mooring-05
2024-06-07 14:30:26,78.3832966,16.361985,2024-06-Isfjorden-Mooring-05
2024-06-07 15:00:38,78.3833038,16.361937,2024-06-Isfjorden-Mooring-05
2024-06-07 15:30:38,78.3833117,16.3620513,2024-06-Isfjorden-Mooring-05
2024-06-07 16:00:38,78.383326,16.3620358,2024-06-Isfjorden-Mooring-05
2024-06-07 16:30:26,78.3833273,16.3619437,2024-06-Isfjorden-Mooring-05
2024-06-07 17:00:36,78.3833336,16.3618398,2024-06-Isfjorden-Mooring-05
2024-06-07 17:30:38,78.3833395,16.3618533,2024-06-Isfjorden-Mooring-05
2024-06-07 18:00:38,78.3833288,16.3618782,2024-06-Isfjorden-Mooring-05
2024-06-07 18:30:26,78.3833286,16.362163,2024-06-Isfjorden-Mooring-05
2024-06-07 19:00:37,78.3833155,16.3622955,2024-06-Isfjorden-Mooring-05
2024-06-07 19:30:37,78.3833139,16.3622737,2024-06-Isfjorden-Mooring-05
2024-06-07 20:00:36,78.3833112,16.3621599,2024-06-Isfjorden-Mooring-05
2024-06-07 20:30:26,78.3832986,16.3621246,2024-06-Isfjorden-Mooring-05
2024-06-07 21:00:38,78.3832919,16.3621539,2024-06-Isfjorden-Mooring-05
2024-06-07 21:30:37,78.3832889,16.3621239,2024-06-Isfjorden-Mooring-05
2024-06-07 22:00:38,78.383318,16.3622938,2024-06-Isfjorden-Mooring-05
2024-06-07 22:30:27,78.3832854,16.3621058,2024-06-Isfjorden-Mooring-05
2024-06-07 23:00:37,78.3832498,16.3619347,2024-06-Isfjorden-Mooring-05
2024-06-07 23:30:38,78.3832485,16.3619312,2024-06-Isfjorden-Mooring-05
2024-06-08 00:00:38,78.3832733,16.3619637,2024-06-Isfjorden-Mooring-05
2024-06-08 00:30:27,78.3832672,16.3619302,2024-06-Isfjorden-Mooring-05
2024-06-08 01:00:37,78.383273,16.3619902,2024-06-Isfjorden-Mooring-05
2024-06-08 01:30:37,78.3832874,16.3620245,2024-06-Isfjorden-Mooring-05
2024-06-08 02:00:35,78.3833221,16.3619966,2024-06-Isfjorden-Mooring-05
2024-06-08 02:30:25,78.3833135,16.3619913,2024-06-Isfjorden-Mooring-05
2024-06-08 03:00:36,78.3833207,16.3620317,2024-06-Isfjorden-Mooring-05
2024-06-08 03:30:37,78.3833341,16.3619962,2024-06-Isfjorden-Mooring-05
2024-06-08 04:00:36,78.3833118,16.3621119,2024-06-Isfjorden-Mooring-05
2024-06-08 04:30:27,78.383286,16.3620656,2024-06-Isfjorden-Mooring-05
2024-06-08 05:00:36,78.3832916,16.36212,2024-06-Isfjorden-Mooring-05
2024-06-08 05:30:36,78.3832918,16.3621633,2024-06-Isfjorden-Mooring-05
2024-06-08 06:00:37,78.3833198,16.3621974,2024-06-Isfjorden-Mooring-05
2024-06-08 06:30:25,78.3833121,16.3621557,2024-06-Isfjorden-Mooring-05
2024-06-08 07:00:36,78.3833036,16.3622363,2024-06-Isfjorden-Mooring-05
2024-06-08 07:30:36,78.3832858,16.3622666,2024-06-Isfjorden-Mooring-05
2024-06-08 08:00:37,78.3832961,16.3625102,2024-06-Isfjorden-Mooring-05
2024-06-08 08:30:25,78.383307,16.3625539,2024-06-Isfjorden-Mooring-05
2024-06-08 09:00:38,78.3833208,16.3626512,2024-06-Isfjorden-Mooring-05
2024-06-08 09:30:37,78.3833169,16.3626712,2024-06-Isfjorden-Mooring-05
2024-06-08 10:00:37,78.3832568,16.3622889,2024-06-Isfjorden-Mooring-05
2024-06-08 10:30:26,78.3831823,16.3620875,2024-06-Isfjorden-Mooring-05
2024-06-08 11:00:37,78.3830826,16.3619599,2024-06-Isfjorden-Mooring-05
2024-06-08 11:30:37,78.382945,16.3619064,2024-06-Isfjorden-Mooring-05
2024-06-08 12:00:37,78.3831489,16.3619698,2024-06-Isfjorden-Mooring-05
2024-06-08 12:30:26,78.3833169,16.3628779,2024-06-Isfjorden-Mooring-05
2024-06-08 13:00:38,78.3833069,16.3626826,2024-06-Isfjorden-Mooring-05
2024-06-08 13:30:38,78.3833177,16.362694,2024-06-Isfjorden-Mooring-05
2024-06-08 14:00:37,78.3833288,16.3630004,2024-06-Isfjorden-Mooring-05
2024-06-08 14:30:28,78.3833467,16.3632135,2024-06-Isfjorden-Mooring-05
2024-06-08 15:00:37,78.383334,16.3627274,2024-06-Isfjorden-Mooring-05
2024-06-08 15:30:38,78.3833169,16.3625618,2024-06-Isfjorden-Mooring-05
2024-06-08 16:00:37,78.3833296,16.3625868,2024-06-Isfjorden-Mooring-05
2024-06-08 16:30:27,78.3833269,16.3624323,2024-06-Isfjorden-Mooring-05
2024-06-08 17:00:36,78.3833117,16.362475,2024-06-Isfjorden-Mooring-05
2024-06-08 17:30:37,78.383307,16.3626151,2024-06-Isfjorden-Mooring-05
2024-06-08 18:00:37,78.3833089,16.3627065,2024-06-Isfjorden-Mooring-05
2024-06-08 18:30:26,78.3833261,16.3626794,2024-06-Isfjorden-Mooring-05
2024-06-08 19:00:37,78.3833148,16.3623846,2024-06-Isfjorden-Mooring-05
2024-06-08 19:30:37,78.3833169,16.3624484,2024-06-Isfjorden-Mooring-05
2024-06-08 20:00:37,78.3833255,16.3624932,2024-06-Isfjorden-Mooring-05
2024-06-08 20:30:26,78.3833163,16.3624435,2024-06-Isfjorden-Mooring-05
2024-06-08 21:00:37,78.3833198,16.3624766,2024-06-Isfjorden-Mooring-05
2024-06-08 21:30:37,78.3833129,16.362394,2024-06-Isfjorden-Mooring-05
2024-06-08 22:00:37,78.3833175,16.3624867,2024-06-Isfjorden-Mooring-05
2024-06-08 22:30:27,78.3833244,16.3625794,2024-06-Isfjorden-Mooring-05
2024-06-08 23:00:36,78.3833236,16.3627378,2024-06-Isfjorden-Mooring-05
2024-06-08 23:30:37,78.3833295,16.3628288,2024-06-Isfjorden-Mooring-05
2024-06-09 00:00:37,78.3833404,16.3629205,2024-06-Isfjorden-Mooring-05
2024-06-09 00:30:27,78.383361,16.3630049,2024-06-Isfjorden-Mooring-05
2024-06-09 01:00:37,78.3833397,16.3632555,2024-06-Isfjorden-Mooring-05
2024-06-09 01:30:37,78.3833607,16.3630936,2024-06-Isfjorden-Mooring-05
2024-06-09 02:00:36,78.3833568,16.3631152,2024-06-Isfjorden-Mooring-05
2024-06-09 02:30:26,78.3833288,16.3632804,2024-06-Isfjorden-Mooring-05
2024-06-09 03:00:37,78.3833356,16.3633647,2024-06-Isfjorden-Mooring-05
2024-06-09 03:30:37,78.3833398,16.3632144,2024-06-Isfjorden-Mooring-05
2024-06-09 04:00:37,78.3833262,16.3629872,2024-06-Isfjorden-Mooring-05
2024-06-09 04:30:26,78.3833235,16.363066,2024-06-Isfjorden-Mooring-05
2024-06-09 05:00:37,78.3832898,16.3625428,2024-06-Isfjorden-Mooring-05
2024-06-09 05:30:38,78.383261,16.3622999,2024-06-Isfjorden-Mooring-05
2024-06-09 06:00:38,78.3832545,16.3624687,2024-06-Isfjorden-Mooring-05
2024-06-09 06:30:27,78.3832103,16.3622375,2024-06-Isfjorden-Mooring-05
2024-06-09 07:00:38,78.3831626,16.3620108,2024-06-Isfjorden-Mooring-05
2024-06-09 07:30:38,78.3831352,16.3619515,2024-06-Isfjorden-Mooring-05
2024-06-09 08:00:37,78.3831517,16.3619297,2024-06-Isfjorden-Mooring-05
2024-06-09 08:30:27,78.3832261,16.3621,2024-06-Isfjorden-Mooring-05
2024-06-09 09:00:37,78.3832584,16.3622856,2024-06-Isfjorden-Mooring-05
2024-06-09 09:30:37,78.3832833,16.3623376,2024-06-Isfjorden-Mooring-05
2024-06-09 10:00:37,78.3833635,16.362599,2024-06-Isfjorden-Mooring-05
2024-06-09 10:30:27,78.383367,16.3624243,2024-06-Isfjorden-Mooring-05
2024-06-09 11:00:37,78.3833551,16.3624044,2024-06-Isfjorden-Mooring-05
2024-06-09 11:30:38,78.383353,16.3624126,2024-06-Isfjorden-Mooring-05
2024-06-09 12:00:37,78.3833184,16.3625278,2024-06-Isfjorden-Mooring-05
2024-06-09 12:30:26,78.383319,16.3626624,2024-06-Isfjorden-Mooring-05
2024-06-09 13:00:38,78.3833523,16.3627185,2024-06-Isfjorden-Mooring-05
2024-06-09 13:30:38,78.3833551,16.3628127,2024-06-Isfjorden-Mooring-05
2024-06-09 14:00:36,78.3833528,16.3627134,2024-06-Isfjorden-Mooring-05
2024-06-09 14:30:28,78.3833478,16.3625675,2024-06-Isfjorden-Mooring-05
2024-06-09 15:00:38,78.3833486,16.3625482,2024-06-Isfjorden-Mooring-05
2024-06-09 15:30:38,78.3833343,16.3625277,2024-06-Isfjorden-Mooring-05
2024-06-09 16:00:38,78.3832944,16.3623257,2024-06-Isfjorden-Mooring-05
2024-06-09 16:30:26,78.3833049,16.3623593,2024-06-Isfjorden-Mooring-05
2024-06-09 17:00:36,78.3832906,16.3622017,2024-06-Isfjorden-Mooring-05
2024-06-09 17:30:37,78.383259,16.3620008,2024-06-Isfjorden-Mooring-05
2024-06-09 18:00:37,78.3832612,16.3620716,2024-06-Isfjorden-Mooring-05
2024-06-09 18:30:25,78.3832528,16.3620436,2024-06-Isfjorden-Mooring-05
2024-06-09 19:00:38,78.3832514,16.3620231,2024-06-Isfjorden-Mooring-05
2024-06-09 19:30:38,78.383256,16.3620912,2024-06-Isfjorden-Mooring-05
2024-06-09 20:00:36,78.3832349,16.3621116,2024-06-Isfjorden-Mooring-05
2024-06-09 20:30:26,78.3832282,16.3621436,2024-06-Isfjorden-Mooring-05
2024-06-09 21:00:38,78.3832098,16.3620423,2024-06-Isfjorden-Mooring-05
2024-06-09 21:30:38,78.3832032,16.3620298,2024-06-Isfjorden-Mooring-05
2024-06-09 22:00:38,78.3832062,16.3619811,2024-06-Isfjorden-Mooring-05
2024-06-09 22:30:26,78.3832158,16.362026,2024-06-Isfjorden-Mooring-05
2024-06-09 23:00:36,78.3832343,16.3620999,2024-06-Isfjorden-Mooring-05
2024-06-09 23:30:37,78.3832587,16.3621266,2024-06-Isfjorden-Mooring-05
2024-06-10 00:00:37,78.3832515,16.362107,2024-06-Isfjorden-Mooring-05
2024-06-10 00:30:26,78.3832506,16.3621248,2024-06-Isfjorden-Mooring-05
2024-06-10 01:00:37,78.3832247,16.3620529,2024-06-Isfjorden-Mooring-05
2024-06-10 01:30:37,78.3832302,16.3620967,2024-06-Isfjorden-Mooring-05
2024-06-10 02:00:37,78.3832261,16.3620929,2024-06-Isfjorden-Mooring-05
2024-06-10 02:30:26,78.3832321,16.3621479,2024-06-Isfjorden-Mooring-05
2024-06-10 03:00:38,78.3832165,16.3620099,2024-06-Isfjorden-Mooring-05
2024-06-10 03:30:38,78.3832065,16.3620085,2024-06-Isfjorden-Mooring-05
2024-06-10 04:00:37,78.383194,16.3619883,2024-06-Isfjorden-Mooring-05
2024-06-10 04:30:27,78.3831876,16.3619757,2024-06-Isfjorden-Mooring-05
2024-06-10 05:00:36,78.3831572,16.3619032,2024-06-Isfjorden-Mooring-05
2024-06-10 05:30:38,78.383181,16.3619919,2024-06-Isfjorden-Mooring-05
2024-06-10 06:00:39,78.3831764,16.3619385,2024-06-Isfjorden-Mooring-05
2024-06-10 06:30:26,78.3831752,16.3618214,2024-06-Isfjorden-Mooring-05
2024-06-10 07:00:38,78.3831766,16.3618745,2024-06-Isfjorden-Mooring-05
2024-06-10 07:30:38,78.3831579,16.3618537,2024-06-Isfjorden-Mooring-05
2024-06-10 08:00:36,78.383122,16.3617612,2024-06-Isfjorden-Mooring-05
2024-06-10 08:30:26,78.3831518,16.3617203,2024-06-Isfjorden-Mooring-05
2024-06-10 09:00:37,78.383156,16.3617998,2024-06-Isfjorden-Mooring-05
2024-06-10 09:30:37,78.383151,16.3617724,2024-06-Isfjorden-Mooring-05
2024-06-10 10:00:38,78.3830931,16.3617678,2024-06-Isfjorden-Mooring-05
2024-06-10 10:30:25,78.3830712,16.3617422,2024-06-Isfjorden-Mooring-05
2024-06-10 11:00:37,78.3830069,16.3617927,2024-06-Isfjorden-Mooring-05
2024-06-10 11:30:37,78.3829944,16.3617949,2024-06-Isfjorden-Mooring-05
2024-06-10 12:00:37,78.3829797,16.3617576,2024-06-Isfjorden-Mooring-05
2024-06-10 12:30:27,78.3830107,16.3617296,2024-06-Isfjorden-Mooring-05
2024-06-10 13:30:37,78.3829653,16.3617818,2024-06-Isfjorden-Mooring-05
2024-06-10 14:00:37,78.3829793,16.3617574,2024-06-Isfjorden-Mooring-05
2024-06-10 14:30:24,78.3829761,16.3616943,2024-06-Isfjorden-Mooring-05
2024-06-10 15:00:37,78.3829742,16.3616884,2024-06-Isfjorden-Mooring-05
2024-06-10 15:30:37,78.3829224,16.361732,2024-06-Isfjorden-Mooring-05
2024-06-10 16:00:37,78.3829471,16.3617295,2024-06-Isfjorden-Mooring-05
2024-06-10 16:30:26,78.3829685,16.3617426,2024-06-Isfjorden-Mooring-05
2024-06-10 17:00:35,78.3830141,16.3617106,2024-06-Isfjorden-Mooring-05
2024-06-10 17:30:36,78.3829947,16.3618239,2024-06-Isfjorden-Mooring-05
2024-06-10 18:00:36,78.3829994,16.3618231,2024-06-Isfjorden-Mooring-05
2024-06-10 18:30:25,78.3830073,16.3618074,2024-06-Isfjorden-Mooring-05
2024-06-10 19:00:36,78.3830005,16.3618112,2024-06-Isfjorden-Mooring-05
2024-06-10 19:30:36,78.3829455,16.3618699,2024-06-Isfjorden-Mooring-05
2024-06-10 20:00:36,78.3829774,16.3617906,2024-06-Isfjorden-Mooring-05
2024-06-10 20:30:25,78.3828806,16.362023,2024-06-Isfjorden-Mooring-05
2024-06-10 21:00:36,78.3828331,16.3622535,2024-06-Isfjorden-Mooring-05
2024-06-10 21:30:36,78.3828018,16.3623273,2024-06-Isfjorden-Mooring-05
2024-06-10 22:00:36,78.3828078,16.362327,2024-06-Isfjorden-Mooring-05
2024-06-10 22:30:26,78.3828048,16.3623837,2024-06-Isfjorden-Mooring-05
2024-06-10 23:00:36,78.3828125,16.3623113,2024-06-Isfjorden-Mooring-05
2024-06-10 23:30:37,78.3828072,16.3624264,2024-06-Isfjorden-Mooring-05
2024-06-11 00:00:37,78.3828034,16.3623915,2024-06-Isfjorden-Mooring-05
2024-06-11 00:30:26,78.382815,16.362256,2024-06-Isfjorden-Mooring-05
2024-06-11 01:00:36,78.3827686,16.362644,2024-06-Isfjorden-Mooring-05
2024-06-11 01:30:37,78.3827546,16.3626951,2024-06-Isfjorden-Mooring-05
2024-06-11 02:30:27,78.3827542,16.3626965,2024-06-Isfjorden-Mooring-05
2024-06-11 03:00:37,78.3827493,16.3627139,2024-06-Isfjorden-Mooring-05
2024-06-11 03:30:37,78.382756,16.3625528,2024-06-Isfjorden-Mooring-05
2024-06-11 04:00:37,78.3827782,16.3625293,2024-06-Isfjorden-Mooring-05
2024-06-11 04:30:25,78.3827922,16.3624512,2024-06-Isfjorden-Mooring-05
2024-06-11 05:00:35,78.3828063,16.362434,2024-06-Isfjorden-Mooring-05
2024-06-11 05:30:37,78.3828171,16.3622915,2024-06-Isfjorden-Mooring-05
2024-06-11 06:00:37,78.3828314,16.3622998,2024-06-Isfjorden-Mooring-05
2024-06-11 06:30:27,78.3828103,16.3623524,2024-06-Isfjorden-Mooring-05
2024-06-11 07:00:37,78.3827993,16.3626435,2024-06-Isfjorden-Mooring-05
2024-06-11 07:30:37,78.3827819,16.3628068,2024-06-Isfjorden-Mooring-05
2024-06-11 08:00:37,78.3828051,16.3625968,2024-06-Isfjorden-Mooring-05
2024-06-11 08:30:25,78.3827919,16.3629577,2024-06-Isfjorden-Mooring-05
2024-06-11 09:00:37,78.3827746,16.3633407,2024-06-Isfjorden-Mooring-05
2024-06-11 09:30:38,78.3827798,16.3636934,2024-06-Isfjorden-Mooring-05
2024-06-11 10:00:37,78.3827786,16.3638201,2024-06-Isfjorden-Mooring-05
2024-06-11 10:30:26,78.3827879,16.3637552,2024-06-Isfjorden-Mooring-05
2024-06-11 11:00:36,78.3828065,16.3638059,2024-06-Isfjorden-Mooring-05
2024-06-11 11:30:38,78.3827959,16.3635394,2024-06-Isfjorden-Mooring-05
2024-06-11 12:00:37,78.3828243,16.3639474,2024-06-Isfjorden-Mooring-05
2024-06-11 12:30:26,78.3827597,16.3633201,2024-06-Isfjorden-Mooring-05
2024-06-11 13:00:39,78.3827739,16.3637981,2024-06-Isfjorden-Mooring-05
2024-06-11 13:30:39,78.3827448,16.363823,2024-06-Isfjorden-Mooring-05
2024-06-11 14:00:36,78.3827709,16.363845,2024-06-Isfjorden-Mooring-05
2024-06-11 14:30:26,78.3828025,16.3639975,2024-06-Isfjorden-Mooring-05
2024-06-11 15:00:38,78.3828356,16.3643332,2024-06-Isfjorden-Mooring-05
2024-06-11 15:30:38,78.3828644,16.3643796,2024-06-Isfjorden-Mooring-05
2024-06-11 16:00:37,78.3828876,16.3644468,2024-06-Isfjorden-Mooring-05
2024-06-11 16:30:27,78.3828963,16.3644487,2024-06-Isfjorden-Mooring-05
2024-06-11 17:00:37,78.382905,16.3645111,2024-06-Isfjorden-Mooring-05
2024-06-11 17:30:38,78.3829176,16.3646317,2024-06-Isfjorden-Mooring-05
2024-06-11 18:00:38,78.3829063,16.3646066,2024-06-Isfjorden-Mooring-05
2024-06-11 18:30:27,78.3828726,16.3644159,2024-06-Isfjorden-Mooring-05
2024-06-11 19:00:38,78.3828773,16.3644404,2024-06-Isfjorden-Mooring-05
2024-06-11 19:30:38,78.3828676,16.3644015,2024-06-Isfjorden-Mooring-05
2024-06-11 20:00:38,78.3828689,16.3643121,2024-06-Isfjorden-Mooring-05
2024-06-11 20:30:27,78.3828756,16.3642818,2024-06-Isfjorden-Mooring-05
2024-06-11 21:00:38,78.3829454,16.3644468,2024-06-Isfjorden-Mooring-05
2024-06-11 21:30:38,78.3829906,16.364584,2024-06-Isfjorden-Mooring-05
2024-06-11 22:00:38,78.383065,16.364671,2024-06-Isfjorden-Mooring-05
2024-06-11 22:30:27,78.3831035,16.3646356,2024-06-Isfjorden-Mooring-05
2024-06-11 23:00:39,78.3831082,16.3646689,2024-06-Isfjorden-Mooring-05
2024-06-11 23:30:37,78.3831275,16.3645438,2024-06-Isfjorden-Mooring-05
2024-06-12 00:00:37,78.3831731,16.3645113,2024-06-Isfjorden-Mooring-05
2024-06-12 00:30:27,78.3832185,16.3643873,2024-06-Isfjorden-Mooring-05
2024-06-12 01:00:37,78.3830522,16.3646184,2024-06-Isfjorden-Mooring-05
2024-06-12 01:30:37,78.3827226,16.3634374,2024-06-Isfjorden-Mooring-05
2024-06-12 02:00:36,78.382728,16.3636905,2024-06-Isfjorden-Mooring-05
2024-06-12 02:30:26,78.3827456,16.3638748,2024-06-Isfjorden-Mooring-05
2024-06-12 03:00:37,78.3827559,16.3636024,2024-06-Isfjorden-Mooring-05
2024-06-12 03:30:38,78.3827687,16.3635848,2024-06-Isfjorden-Mooring-05
2024-06-12 04:00:38,78.3827872,16.3639634,2024-06-Isfjorden-Mooring-05
2024-06-12 04:30:26,78.3827905,16.3639979,2024-06-Isfjorden-Mooring-05
2024-06-12 05:00:36,78.382797,16.3641388,2024-06-Isfjorden-Mooring-05
2024-06-12 05:30:38,78.3828075,16.3641775,2024-06-Isfjorden-Mooring-05
2024-06-12 06:00:38,78.3828008,16.3641666,2024-06-Isfjorden-Mooring-05
2024-06-12 06:30:26,78.382794,16.3641542,2024-06-Isfjorden-Mooring-05
2024-06-12 07:00:38,78.382782,16.3641225,2024-06-Isfjorden-Mooring-05
2024-06-12 07:30:38,78.3827801,16.3641708,2024-06-Isfjorden-Mooring-05
2024-06-12 08:00:36,78.3827898,16.3643031,2024-06-Isfjorden-Mooring-05
2024-06-12 08:30:26,78.3827968,16.3642409,2024-06-Isfjorden-Mooring-05
2024-06-12 09:00:38,78.3828022,16.3641161,2024-06-Isfjorden-Mooring-05
2024-06-12 09:30:38,78.3828016,16.3642385,2024-06-Isfjorden-Mooring-05
2024-06-12 10:00:38,78.3828177,16.3643214,2024-06-Isfjorden-Mooring-05
2024-06-12 10:30:26,78.3828305,16.3644139,2024-06-Isfjorden-Mooring-05
2024-06-12 11:00:36,78.382845,16.3644637,2024-06-Isfjorden-Mooring-05
2024-06-12 11:30:38,78.3828393,16.3644906,2024-06-Isfjorden-Mooring-05
2024-06-12 12:00:38,78.3828395,16.3645194,2024-06-Isfjorden-Mooring-05
2024-06-12 12:30:26,78.3828383,16.3645638,2024-06-Isfjorden-Mooring-05
2024-06-12 13:00:38,78.3828537,16.364546,2024-06-Isfjorden-Mooring-05
2024-06-12 13:30:38,78.3828655,16.3646431,2024-06-Isfjorden-Mooring-05
2024-06-12 14:00:36,78.3828683,16.3645038,2024-06-Isfjorden-Mooring-05
2024-06-12 14:30:26,78.3828876,16.3645776,2024-06-Isfjorden-Mooring-05
2024-06-12 15:00:38,78.3828621,16.3645397,2024-06-Isfjorden-Mooring-05
2024-06-12 15:30:38,78.3828923,16.3645547,2024-06-Isfjorden-Mooring-05
2024-06-12 16:00:38,78.3828298,16.3644778,2024-06-Isfjorden-Mooring-05
2024-06-12 16:30:26,78.382836,16.3644707,2024-06-Isfjorden-Mooring-05
2024-06-12 17:00:37,78.3828574,16.3645328,2024-06-Isfjorden-Mooring-05
2024-06-12 17:30:38,78.3828478,16.3645428,2024-06-Isfjorden-Mooring-05
2024-06-12 18:00:38,78.3828457,16.3644213,2024-06-Isfjorden-Mooring-05
2024-06-12 18:30:27,78.3828727,16.3644381,2024-06-Isfjorden-Mooring-05
2024-06-12 19:00:38,78.3828802,16.3644426,2024-06-Isfjorden-Mooring-05
2024-06-12 19:30:38,78.3828916,16.3645152,2024-06-Isfjorden-Mooring-05
2024-06-12 20:00:37,78.382934,16.3646352,2024-06-Isfjorden-Mooring-05
2024-06-12 20:30:25,78.3829533,16.3646578,2024-06-Isfjorden-Mooring-05
2024-06-12 21:00:38,78.3829543,16.3645785,2024-06-Isfjorden-Mooring-05
2024-06-12 21:30:38,78.3829633,16.3646475,2024-06-Isfjorden-Mooring-05
2024-06-12 22:00:38,78.3829674,16.3647371,2024-06-Isfjorden-Mooring-05
2024-06-12 22:30:26,78.3829935,16.364798,2024-06-Isfjorden-Mooring-05
2024-06-12 23:00:37,78.383025,16.3648343,2024-06-Isfjorden-Mooring-05
2024-06-12 23:30:38,78.38303,16.3648223,2024-06-Isfjorden-Mooring-05
2024-06-13 00:00:38,78.3830741,16.3647495,2024-06-Isfjorden-Mooring-05
2024-06-13 00:30:26,78.3830784,16.3649591,2024-06-Isfjorden-Mooring-05
2024-06-13 01:00:38,78.3830704,16.3648723,2024-06-Isfjorden-Mooring-05
2024-06-13 01:30:38,78.3830468,16.3648094,2024-06-Isfjorden-Mooring-05
2024-06-13 02:00:37,78.3830697,16.3647015,2024-06-Isfjorden-Mooring-05
2024-06-13 02:30:27,78.383065,16.3647051,2024-06-Isfjorden-Mooring-05
2024-06-13 03:00:38,78.3830568,16.3647296,2024-06-Isfjorden-Mooring-05
2024-06-13 03:30:38,78.3830671,16.3648138,2024-06-Isfjorden-Mooring-05
2024-06-13 05:00:37,78.3830561,16.3647891,2024-06-Isfjorden-Mooring-05
2024-06-13 05:30:39,78.3830684,16.3647919,2024-06-Isfjorden-Mooring-05
2024-06-13 06:00:38,78.3830624,16.3648745,2024-06-Isfjorden-Mooring-05
2024-06-13 06:30:27,78.3830042,16.3648133,2024-06-Isfjorden-Mooring-05
2024-06-13 07:00:38,78.3831049,16.3647131,2024-06-Isfjorden-Mooring-05
2024-06-13 07:30:38,78.383121,16.3646155,2024-06-Isfjorden-Mooring-05
2024-06-13 08:00:37,78.3830695,16.3646419,2024-06-Isfjorden-Mooring-05
2024-06-13 08:30:26,78.3830455,16.3646497,2024-06-Isfjorden-Mooring-05
2024-06-13 09:00:38,78.383039,16.3646485,2024-06-Isfjorden-Mooring-05
2024-06-13 09:30:38,78.3829919,16.3646321,2024-06-Isfjorden-Mooring-05
2024-06-13 10:00:37,78.3829837,16.3646458,2024-06-Isfjorden-Mooring-05
2024-06-13 10:30:26,78.3829972,16.364691,2024-06-Isfjorden-Mooring-05
2024-06-13 11:00:36,78.3830106,16.3647067,2024-06-Isfjorden-Mooring-05
2024-06-13 11:30:37,78.383061,16.3646741,2024-06-Isfjorden-Mooring-05
2024-06-13 12:00:37,78.3831096,16.3646622,2024-06-Isfjorden-Mooring-05
2024-06-13 12:30:27,78.3831263,16.36472,2024-06-Isfjorden-Mooring-05
2024-06-13 13:00:37,78.3831502,16.3646695,2024-06-Isfjorden-Mooring-05
2024-06-13 13:30:37,78.3832078,16.3644839,2024-06-Isfjorden-Mooring-05
2024-06-13 14:00:37,78.3831825,16.3645236,2024-06-Isfjorden-Mooring-05
2024-06-13 14:30:27,78.3831996,16.3644884,2024-06-Isfjorden-Mooring-05
2024-06-13 15:00:37,78.3831932,16.3645212,2024-06-Isfjorden-Mooring-05
2024-06-13 15:30:37,78.3832173,16.364393,2024-06-Isfjorden-Mooring-05
2024-06-13 16:00:37,78.3832053,16.3645382,2024-06-Isfjorden-Mooring-05
2024-06-13 16:30:26,78.3832234,16.3644747,2024-06-Isfjorden-Mooring-05
2024-06-13 17:00:36,78.3832031,16.3643982,2024-06-Isfjorden-Mooring-05
2024-06-13 17:30:37,78.3831644,16.3645366,2024-06-Isfjorden-Mooring-05
2024-06-13 18:00:37,78.3831598,16.3646304,2024-06-Isfjorden-Mooring-05
2024-06-13 18:30:26,78.3831483,16.3646671,2024-06-Isfjorden-Mooring-05
2024-06-13 19:00:37,78.3831396,16.3645522,2024-06-Isfjorden-Mooring-05
2024-06-13 19:30:37,78.3831961,16.3644352,2024-06-Isfjorden-Mooring-05
2024-06-13 20:00:38,78.3832349,16.3641881,2024-06-Isfjorden-Mooring-05
2024-06-13 20:30:25,78.3831869,16.3644103,2024-06-Isfjorden-Mooring-05
2024-06-13 21:00:38,78.3831968,16.3643669,2024-06-Isfjorden-Mooring-05
2024-06-13 21:30:37,78.3831632,16.3645419,2024-06-Isfjorden-Mooring-05
2024-06-13 22:00:37,78.3831882,16.364529,2024-06-Isfjorden-Mooring-05
2024-06-13 22:30:25,78.3832147,16.3644424,2024-06-Isfjorden-Mooring-05
2024-06-13 23:00:35,78.3832165,16.3645551,2024-06-Isfjorden-Mooring-05
2024-06-13 23:30:36,78.3832146,16.3644891,2024-06-Isfjorden-Mooring-05
2024-06-14 00:00:37,78.3831909,16.3645068,2024-06-Isfjorden-Mooring-05
2024-06-14 00:30:25,78.3831201,16.3646395,2024-06-Isfjorden-Mooring-05
2024-06-14 01:00:36,78.3830897,16.3646594,2024-06-Isfjorden-Mooring-05
2024-06-14 01:30:37,78.3829929,16.3647183,2024-06-Isfjorden-Mooring-05
2024-06-14 02:00:36,78.3829035,16.3647092,2024-06-Isfjorden-Mooring-05
2024-06-14 02:30:27,78.3829155,16.3646904,2024-06-Isfjorden-Mooring-05
2024-06-14 03:00:36,78.3828969,16.3646392,2024-06-Isfjorden-Mooring-05
2024-06-14 03:30:36,78.3828801,16.3646826,2024-06-Isfjorden-Mooring-05
2024-06-14 04:00:36,78.3828672,16.3646007,2024-06-Isfjorden-Mooring-05
2024-06-14 04:30:25,78.3828485,16.3645493,2024-06-Isfjorden-Mooring-05
2024-06-14 05:00:36,78.38283,16.3644106,2024-06-Isfjorden-Mooring-05
2024-06-14 05:30:37,78.3828176,16.3642084,2024-06-Isfjorden-Mooring-05
2024-06-14 06:00:37,78.3827783,16.3641483,2024-06-Isfjorden-Mooring-05
2024-06-14 06:30:25,78.3827932,16.3640918,2024-06-Isfjorden-Mooring-05
2024-06-14 07:00:36,78.3827882,16.364086,2024-06-Isfjorden-Mooring-05
2024-06-14 07:30:36,78.382781,16.3641227,2024-06-Isfjorden-Mooring-05
2024-06-14 08:30:26,78.3828064,16.3641075,2024-06-Isfjorden-Mooring-05
2024-06-14 09:00:37,78.3828051,16.3640975,2024-06-Isfjorden-Mooring-05
2024-06-14 09:30:37,78.3828152,16.3643023,2024-06-Isfjorden-Mooring-05
2024-06-14 10:00:37,78.3828516,16.3645258,2024-06-Isfjorden-Mooring-05
2024-06-14 10:30:25,78.3828934,16.3645858,2024-06-Isfjorden-Mooring-05
2024-06-14 11:00:36,78.382914,16.3644801,2024-06-Isfjorden-Mooring-05
2024-06-14 11:30:37,78.3829086,16.3644308,2024-06-Isfjorden-Mooring-05
2024-06-14 12:00:37,78.3828805,16.3645306,2024-06-Isfjorden-Mooring-05
2024-06-14 12:30:25,78.3828324,16.3643727,2024-06-Isfjorden-Mooring-05
2024-06-14 13:00:38,78.3827992,16.3642582,2024-06-Isfjorden-Mooring-05
2024-06-14 13:30:38,78.3828404,16.364376,2024-06-Isfjorden-Mooring-05
2024-06-14 14:00:36,78.3828523,16.3643893,2024-06-Isfjorden-Mooring-05
2024-06-14 14:30:26,78.3828665,16.3643954,2024-06-Isfjorden-Mooring-05
2024-06-14 15:00:38,78.3828537,16.3643704,2024-06-Isfjorden-Mooring-05
2024-06-14 15:30:37,78.3828629,16.3644387,2024-06-Isfjorden-Mooring-05
2024-06-14 16:00:38,78.3828346,16.3645887,2024-06-Isfjorden-Mooring-05
2024-06-14 16:30:26,78.382851,16.3646125,2024-06-Isfjorden-Mooring-05
2024-06-14 17:00:36,78.3828172,16.3645405,2024-06-Isfjorden-Mooring-05
2024-06-14 17:30:37,78.3828137,16.3644352,2024-06-Isfjorden-Mooring-05
2024-06-14 18:00:37,78.3828178,16.3644305,2024-06-Isfjorden-Mooring-05
2024-06-14 18:30:26,78.3828074,16.3643714,2024-06-Isfjorden-Mooring-05
2024-06-14 19:00:38,78.3828136,16.3643343,2024-06-Isfjorden-Mooring-05
2024-06-14 19:30:38,78.3827972,16.3642452,2024-06-Isfjorden-Mooring-05
2024-06-14 20:00:37,78.3827852,16.364223,2024-06-Isfjorden-Mooring-05
2024-06-14 20:30:27,78.3827681,16.3642192,2024-06-Isfjorden-Mooring-05
2024-06-14 21:00:37,78.3827507,16.3640245,2024-06-Isfjorden-Mooring-05
2024-06-14 21:30:37,78.3827628,16.3638359,2024-06-Isfjorden-Mooring-05
2024-06-14 22:00:37,78.3827615,16.3636741,2024-06-Isfjorden-Mooring-05
2024-06-14 22:30:25,78.3827574,16.3636922,2024-06-Isfjorden-Mooring-05
2024-06-14 23:00:35,78.3827663,16.3636082,2024-06-Isfjorden-Mooring-05
2024-06-14 23:30:38,78.3827452,16.363406,2024-06-Isfjorden-Mooring-05
2024-06-15 00:00:38,78.3827455,16.3633224,2024-06-Isfjorden-Mooring-05
2024-06-15 00:30:26,78.3827528,16.3635558,2024-06-Isfjorden-Mooring-05
2024-06-15 01:00:38,78.382788,16.363952,2024-06-Isfjorden-Mooring-05
2024-06-15 01:30:38,78.3827951,16.3640944,2024-06-Isfjorden-Mooring-05
2024-06-15 02:00:36,78.3828208,16.3643796,2024-06-Isfjorden-Mooring-05
2024-06-15 02:30:27,78.382839,16.364429,2024-06-Isfjorden-Mooring-05
2024-06-15 03:00:38,78.382861,16.3645242,2024-06-Isfjorden-Mooring-05
2024-06-15 03:30:39,78.3828477,16.3645235,2024-06-Isfjorden-Mooring-05
2024-06-15 04:00:38,78.3828123,16.3643953,2024-06-Isfjorden-Mooring-05
2024-06-15 04:30:27,78.3828212,16.3643098,2024-06-Isfjorden-Mooring-05
2024-06-15 05:00:37,78.3828088,16.36435,2024-06-Isfjorden-Mooring-05
2024-06-15 05:30:38,78.3827987,16.3642742,2024-06-Isfjorden-Mooring-05
2024-06-15 06:30:26,78.3827687,16.3643499,2024-06-Isfjorden-Mooring-05
2024-06-15 07:00:38,78.3827635,16.3643689,2024-06-Isfjorden-Mooring-05
2024-06-15 07:30:38,78.3827745,16.364265,2024-06-Isfjorden-Mooring-05
2024-06-15 08:00:36,78.3827747,16.3642443,2024-06-Isfjorden-Mooring-05
2024-06-15 08:30:26,78.3827619,16.3641129,2024-06-Isfjorden-Mooring-05
2024-06-15 09:00:38,78.3827631,16.3639883,2024-06-Isfjorden-Mooring-05
2024-06-15 09:30:38,78.3827655,16.3639523,2024-06-Isfjorden-Mooring-05
2024-06-15 10:00:38,78.382763,16.3638376,2024-06-Isfjorden-Mooring-05
2024-06-15 10:30:25,78.3827661,16.3637837,2024-06-Isfjorden-Mooring-05
2024-06-15 11:00:37,78.3827487,16.3633105,2024-06-Isfjorden-Mooring-05
2024-06-15 11:30:39,78.3827658,16.3630762,2024-06-Isfjorden-Mooring-05
2024-06-15 12:00:37,78.3827912,16.3628616,2024-06-Isfjorden-Mooring-05
2024-06-15 12:30:28,78.382777,16.3629589,2024-06-Isfjorden-Mooring-05
2024-06-15 13:00:37,78.3828873,16.3628579,2024-06-Isfjorden-Mooring-05
2024-06-15 14:00:37,78.3830472,16.3628925,2024-06-Isfjorden-Mooring-05
2024-06-15 14:30:26,78.3830006,16.3628905,2024-06-Isfjorden-Mooring-05
2024-06-15 15:00:37,78.3831513,16.363441,2024-06-Isfjorden-Mooring-05
2024-06-15 15:30:37,78.3830621,16.3635834,2024-06-Isfjorden-Mooring-05
2024-06-15 16:00:37,78.3830641,16.3636144,2024-06-Isfjorden-Mooring-05
2024-06-15 16:30:27,78.3829822,16.3635731,2024-06-Isfjorden-Mooring-05
2024-06-15 17:00:36,78.3829752,16.3635406,2024-06-Isfjorden-Mooring-05
2024-06-15 17:30:37,78.3831316,16.3628445,2024-06-Isfjorden-Mooring-05
2024-06-15 18:00:37,78.3831916,16.3623181,2024-06-Isfjorden-Mooring-05
2024-06-15 18:30:26,78.383198,16.3623836,2024-06-Isfjorden-Mooring-05
2024-06-15 19:00:37,78.3832158,16.3623079,2024-06-Isfjorden-Mooring-05
2024-06-15 19:30:37,78.3832583,16.3624003,2024-06-Isfjorden-Mooring-05
2024-06-15 20:00:36,78.3832605,16.3623188,2024-06-Isfjorden-Mooring-05
2024-06-15 20:30:26,78.3832637,16.3623216,2024-06-Isfjorden-Mooring-05
2024-06-15 21:00:36,78.383279,16.362284,2024-06-Isfjorden-Mooring-05
2024-06-15 21:30:36,78.3832882,16.3623523,2024-06-Isfjorden-Mooring-05
2024-06-15 22:00:36,78.3832791,16.3624432,2024-06-Isfjorden-Mooring-05
2024-06-15 22:30:28,78.3832339,16.3623937,2024-06-Isfjorden-Mooring-05
2024-06-15 23:00:35,78.3832098,16.3623729,2024-06-Isfjorden-Mooring-05
2024-06-15 23:30:36,78.3831975,16.3623012,2024-06-Isfjorden-Mooring-05
2024-06-16 00:00:36,78.3832262,16.36244,2024-06-Isfjorden-Mooring-05
2024-06-16 00:30:26,78.3832331,16.3624706,2024-06-Isfjorden-Mooring-05
2024-06-16 01:00:36,78.3831582,16.3621626,2024-06-Isfjorden-Mooring-05
2024-06-16 01:30:36,78.383146,16.3620462,2024-06-Isfjorden-Mooring-05
2024-06-16 02:00:35,78.3831396,16.3620123,2024-06-Isfjorden-Mooring-05
2024-06-16 02:30:26,78.38314,16.3619839,2024-06-Isfjorden-Mooring-05
2024-06-16 03:00:36,78.3831033,16.3618582,2024-06-Isfjorden-Mooring-05
2024-06-16 03:30:37,78.3830594,16.3618939,2024-06-Isfjorden-Mooring-05
2024-06-16 04:30:26,78.3830277,16.361891,2024-06-Isfjorden-Mooring-05
2024-06-16 05:00:36,78.3830536,16.3618633,2024-06-Isfjorden-Mooring-05
2024-06-16 05:30:37,78.3830408,16.3618505,2024-06-Isfjorden-Mooring-05
2024-06-16 06:00:37,78.3831391,16.3617644,2024-06-Isfjorden-Mooring-05
2024-06-16 06:30:23,78.3831071,16.361728,2024-06-Isfjorden-Mooring-05
2024-06-16 07:00:37,78.3831778,16.3618245,2024-06-Isfjorden-Mooring-05
2024-06-16 07:30:37,78.3831505,16.3617813,2024-06-Isfjorden-Mooring-05
2024-06-16 08:00:36,78.3831652,16.3617983,2024-06-Isfjorden-Mooring-05
2024-06-16 08:30:26,78.3831826,16.3617574,2024-06-Isfjorden-Mooring-05
2024-06-16 09:00:37,78.3831733,16.3617292,2024-06-Isfjorden-Mooring-05
2024-06-16 09:30:37,78.3831646,16.3617144,2024-06-Isfjorden-Mooring-05
2024-06-16 10:00:37,78.3831688,16.361781,2024-06-Isfjorden-Mooring-05
2024-06-16 10:30:27,78.3831667,16.3618067,2024-06-Isfjorden-Mooring-05
2024-06-16 11:00:36,78.3831861,16.3617935,2024-06-Isfjorden-Mooring-05
2024-06-16 11:30:37,78.3832044,16.3617863,2024-06-Isfjorden-Mooring-05
2024-06-16 12:00:37,78.3832068,16.3618454,2024-06-Isfjorden-Mooring-05
2024-06-16 12:30:27,78.3832176,16.3617687,2024-06-Isfjorden-Mooring-05
2024-06-16 13:00:37,78.3832571,16.3618247,2024-06-Isfjorden-Mooring-05
2024-06-16 13:30:37,78.383289,16.3620527,2024-06-Isfjorden-Mooring-05
2024-06-16 14:00:37,78.383303,16.3621461,2024-06-Isfjorden-Mooring-05
2024-06-16 14:30:26,78.3832935,16.3621654,2024-06-Isfjorden-Mooring-05
2024-06-16 15:00:37,78.3833153,16.3622723,2024-06-Isfjorden-Mooring-05
2024-06-16 15:30:37,78.3833052,16.3623017,2024-06-Isfjorden-Mooring-05
2024-06-16 16:00:37,78.3833018,16.362406,2024-06-Isfjorden-Mooring-05
2024-06-16 16:30:26,78.3832847,16.3624655,2024-06-Isfjorden-Mooring-05
2024-06-16 17:00:38,78.3832842,16.3625083,2024-06-Isfjorden-Mooring-05
2024-06-16 17:30:37,78.3832773,16.3625575,2024-06-Isfjorden-Mooring-05
2024-06-16 18:00:37,78.3832619,16.3624148,2024-06-Isfjorden-Mooring-05
2024-06-16 18:30:27,78.3832309,16.3623137,2024-06-Isfjorden-Mooring-05
2024-06-16 19:00:38,78.383206,16.3622709,2024-06-Isfjorden-Mooring-05
2024-06-16 19:30:37,78.3831587,16.3621673,2024-06-Isfjorden-Mooring-05
2024-06-16 20:00:36,78.3831238,16.3620933,2024-06-Isfjorden-Mooring-05
2024-06-16 20:30:27,78.38311,16.3620402,2024-06-Isfjorden-Mooring-05
2024-06-16 21:00:37,78.3830836,16.3620608,2024-06-Isfjorden-Mooring-05
2024-06-16 22:00:38,78.3831668,16.3620559,2024-06-Isfjorden-Mooring-05
2024-06-16 22:30:26,78.3831738,16.3620603,2024-06-Isfjorden-Mooring-05
2024-06-16 23:00:36,78.3831984,16.3620236,2024-06-Isfjorden-Mooring-05
2024-06-16 23:30:37,78.3832006,16.3619234,2024-06-Isfjorden-Mooring-05
2024-06-17 00:00:37,78.3832112,16.3618311,2024-06-Isfjorden-Mooring-05
2024-06-17 00:30:26,78.383184,16.3617521,2024-06-Isfjorden-Mooring-05
2024-06-17 01:00:38,78.3831797,16.3618047,2024-06-Isfjorden-Mooring-05
2024-06-17 01:30:38,78.383181,16.3618635,2024-06-Isfjorden-Mooring-05
2024-06-17 02:00:37,78.3831979,16.3619552,2024-06-Isfjorden-Mooring-05
2024-06-17 02:30:27,78.3831868,16.3619537,2024-06-Isfjorden-Mooring-05
2024-06-17 03:30:38,78.3831873,16.3620023,2024-06-Isfjorden-Mooring-05
2024-06-17 04:00:38,78.3831868,16.3619784,2024-06-Isfjorden-Mooring-05
2024-06-17 04:30:26,78.3832076,16.3620215,2024-06-Isfjorden-Mooring-05
2024-06-17 05:00:37,78.3831732,16.3620598,2024-06-Isfjorden-Mooring-05
2024-06-17 05:30:39,78.3831684,16.3620442,2024-06-Isfjorden-Mooring-05
2024-06-17 06:00:39,78.3831775,16.3621055,2024-06-Isfjorden-Mooring-05
2024-06-17 06:30:26,78.3831882,16.3621092,2024-06-Isfjorden-Mooring-05
2024-06-17 07:00:37,78.3832165,16.3621653,2024-06-Isfjorden-Mooring-05
2024-06-17 07:30:37,78.3832424,16.3620684,2024-06-Isfjorden-Mooring-05
2024-06-17 08:00:37,78.3832188,16.3621322,2024-06-Isfjorden-Mooring-05
2024-06-17 08:30:27,78.3831931,16.3621699,2024-06-Isfjorden-Mooring-05
2024-06-17 09:00:37,78.3831656,16.3619773,2024-06-Isfjorden-Mooring-05
2024-06-17 09:30:37,78.3831931,16.362067,2024-06-Isfjorden-Mooring-05
2024-06-17 10:00:37,78.3831857,16.3620684,2024-06-Isfjorden-Mooring-05
2024-06-17 10:30:26,78.383202,16.3620384,2024-06-Isfjorden-Mooring-05
2024-06-17 11:00:37,78.3832116,16.3621714,2024-06-Isfjorden-Mooring-05
2024-06-17 11:30:37,78.3831808,16.362097,2024-06-Isfjorden-Mooring-05
2024-06-17 12:00:37,78.3832447,16.3623316,2024-06-Isfjorden-Mooring-05
2024-06-17 12:30:26,78.3832689,16.3625429,2024-06-Isfjorden-Mooring-05
2024-06-17 13:00:37,78.3832995,16.362726,2024-06-Isfjorden-Mooring-05
2024-06-17 13:30:37,78.383297,16.3629603,2024-06-Isfjorden-Mooring-05
2024-06-17 14:00:37,78.3832994,16.3631748,2024-06-Isfjorden-Mooring-05
2024-06-17 14:30:26,78.3832793,16.3636163,2024-06-Isfjorden-Mooring-05
2024-06-17 15:00:37,78.3831961,16.364324,2024-06-Isfjorden-Mooring-05
2024-06-17 15:30:37,78.3831354,16.3645189,2024-06-Isfjorden-Mooring-05
2024-06-17 16:00:37,78.3831271,16.364432,2024-06-Isfjorden-Mooring-05
2024-06-17 16:30:26,78.3831192,16.3643743,2024-06-Isfjorden-Mooring-05
2024-06-17 17:00:35,78.3830831,16.3643671,2024-06-Isfjorden-Mooring-05
2024-06-17 17:30:36,78.3830605,16.3644015,2024-06-Isfjorden-Mooring-05
2024-06-17 18:00:36,78.3830946,16.3644033,2024-06-Isfjorden-Mooring-05
2024-06-17 19:00:36,78.383137,16.3644136,2024-06-Isfjorden-Mooring-05
2024-06-17 19:30:36,78.3831154,16.3644507,2024-06-Isfjorden-Mooring-05
2024-06-17 20:00:36,78.3830541,16.3645334,2024-06-Isfjorden-Mooring-05
2024-06-17 20:30:28,78.3830162,16.3646172,2024-06-Isfjorden-Mooring-05
2024-06-17 21:00:37,78.3830282,16.3645411,2024-06-Isfjorden-Mooring-05
2024-06-17 21:30:37,78.3830883,16.3644801,2024-06-Isfjorden-Mooring-05
2024-06-17 22:00:37,78.3831205,16.3644243,2024-06-Isfjorden-Mooring-05
2024-06-17 22:30:25,78.3832367,16.3642204,2024-06-Isfjorden-Mooring-05
2024-06-17 23:00:36,78.3832718,16.3639711,2024-06-Isfjorden-Mooring-05
2024-06-17 23:30:37,78.383274,16.3638962,2024-06-Isfjorden-Mooring-05
2024-06-18 00:00:37,78.3832961,16.3637407,2024-06-Isfjorden-Mooring-05
2024-06-18 00:30:27,78.3833088,16.363427,2024-06-Isfjorden-Mooring-05
2024-06-18 01:00:37,78.3833051,16.3633776,2024-06-Isfjorden-Mooring-05
2024-06-18 01:30:37,78.3833056,16.3632386,2024-06-Isfjorden-Mooring-05
2024-06-18 02:00:36,78.3833156,16.3628626,2024-06-Isfjorden-Mooring-05
2024-06-18 02:30:25,78.3833041,16.3629735,2024-06-Isfjorden-Mooring-05
2024-06-18 03:00:37,78.3832979,16.3630273,2024-06-Isfjorden-Mooring-05
2024-06-18 03:30:37,78.3833002,16.3630522,2024-06-Isfjorden-Mooring-05
2024-06-18 04:00:37,78.3833068,16.3632019,2024-06-Isfjorden-Mooring-05
2024-06-18 04:30:26,78.3833238,16.3631492,2024-06-Isfjorden-Mooring-05
2024-06-18 05:00:37,78.3833298,16.3631468,2024-06-Isfjorden-Mooring-05
2024-06-18 05:30:39,78.3833378,16.3630686,2024-06-Isfjorden-Mooring-05
2024-06-18 06:00:39,78.3833247,16.3628745,2024-06-Isfjorden-Mooring-05
2024-06-18 06:30:27,78.3833067,16.3628361,2024-06-Isfjorden-Mooring-05
2024-06-18 07:00:39,78.3832888,16.362592,2024-06-Isfjorden-Mooring-05
2024-06-18 07:30:39,78.3832664,16.3623588,2024-06-Isfjorden-Mooring-05
2024-06-18 08:00:38,78.3832697,16.3622905,2024-06-Isfjorden-Mooring-05
2024-06-18 08:30:26,78.3832681,16.3622959,2024-06-Isfjorden-Mooring-05
2024-06-18 09:00:38,78.3832585,16.362155,2024-06-Isfjorden-Mooring-05
2024-06-18 09:30:38,78.3832488,16.3620886,2024-06-Isfjorden-Mooring-05
2024-06-18 10:00:38,78.3832442,16.3620476,2024-06-Isfjorden-Mooring-05
2024-06-18 10:30:27,78.3832605,16.3620951,2024-06-Isfjorden-Mooring-05
2024-06-18 11:00:36,78.3832853,16.3622359,2024-06-Isfjorden-Mooring-05
2024-06-18 11:30:38,78.3832943,16.3621394,2024-06-Isfjorden-Mooring-05
2024-06-18 12:00:38,78.3832941,16.3622719,2024-06-Isfjorden-Mooring-05
2024-06-18 12:30:26,78.3832902,16.362302,2024-06-Isfjorden-Mooring-05
2024-06-18 13:00:38,78.3833081,16.3623795,2024-06-Isfjorden-Mooring-05
2024-06-18 13:30:38,78.3833262,16.3624017,2024-06-Isfjorden-Mooring-05
2024-06-18 14:00:36,78.3833226,16.3624513,2024-06-Isfjorden-Mooring-05
2024-06-18 15:00:38,78.3833139,16.3623975,2024-06-Isfjorden-Mooring-05
2024-06-18 15:30:38,78.3833167,16.3623516,2024-06-Isfjorden-Mooring-05
2024-06-18 16:00:38,78.3833145,16.3624753,2024-06-Isfjorden-Mooring-05
2024-06-18 16:30:27,78.3833047,16.3624753,2024-06-Isfjorden-Mooring-05
2024-06-18 17:00:35,78.3833173,16.362507,2024-06-Isfjorden-Mooring-05
2024-06-18 17:30:38,78.3833275,16.3626134,2024-06-Isfjorden-Mooring-05
2024-06-18 18:00:38,78.3833121,16.3624758,2024-06-Isfjorden-Mooring-05
2024-06-18 18:30:26,78.3833084,16.3625463,2024-06-Isfjorden-Mooring-05
2024-06-18 19:00:38,78.3832714,16.3623129,2024-06-Isfjorden-Mooring-05
2024-06-18 19:30:38,78.3832423,16.3622624,2024-06-Isfjorden-Mooring-05
2024-06-18 20:00:36,78.3832757,16.3621261,2024-06-Isfjorden-Mooring-05
2024-06-18 20:30:26,78.3832763,16.3620655,2024-06-Isfjorden-Mooring-05
2024-06-18 21:00:38,78.3832966,16.3621135,2024-06-Isfjorden-Mooring-05
2024-06-18 21:30:38,78.3832707,16.3619942,2024-06-Isfjorden-Mooring-05
2024-06-18 22:00:38,78.3832829,16.3618301,2024-06-Isfjorden-Mooring-05
2024-06-18 22:30:26,78.3832722,16.3618437,2024-06-Isfjorden-Mooring-05
2024-06-18 23:00:37,78.3832376,16.3619884,2024-06-Isfjorden-Mooring-05
2024-06-18 23:30:38,78.3832213,16.3618867,2024-06-Isfjorden-Mooring-05
2024-06-19 00:30:26,78.3832282,16.3618212,2024-06-Isfjorden-Mooring-05
2024-06-19 01:00:38,78.3832266,16.3617638,2024-06-Isfjorden-Mooring-05
2024-06-19 01:30:38,78.3832104,16.3618062,2024-06-Isfjorden-Mooring-05
2024-06-19 02:00:37,78.383191,16.3617234,2024-06-Isfjorden-Mooring-05
2024-06-19 02:30:26,78.3831826,16.3617644,2024-06-Isfjorden-Mooring-05
2024-06-19 03:00:38,78.3832014,16.3616908,2024-06-Isfjorden-Mooring-05
2024-06-19 03:30:38,78.3831427,16.3618089,2024-06-Isfjorden-Mooring-05
2024-06-19 04:00:38,78.3833329,16.3618118,2024-06-Isfjorden-Mooring-05
2024-06-19 04:30:26,78.3832191,16.3618842,2024-06-Isfjorden-Mooring-05
2024-06-19 05:00:36,78.3832359,16.3620139,2024-06-Isfjorden-Mooring-05
2024-06-19 05:30:38,78.383217,16.3619856,2024-06-Isfjorden-Mooring-05
2024-06-19 06:30:26,78.3832852,16.3621493,2024-06-Isfjorden-Mooring-05
2024-06-19 07:00:38,78.3833036,16.3621656,2024-06-Isfjorden-Mooring-05
2024-06-19 07:30:38,78.3832986,16.3622542,2024-06-Isfjorden-Mooring-05
2024-06-19 08:00:36,78.3833244,16.3624817,2024-06-Isfjorden-Mooring-05
2024-06-19 08:30:26,78.3832861,16.3624576,2024-06-Isfjorden-Mooring-05
2024-06-19 09:00:38,78.3832875,16.3621323,2024-06-Isfjorden-Mooring-05
2024-06-19 09:30:38,78.3832673,16.3619192,2024-06-Isfjorden-Mooring-05
2024-06-19 10:00:38,78.3832999,16.3618391,2024-06-Isfjorden-Mooring-05
2024-06-19 10:30:27,78.383263,16.3617739,2024-06-Isfjorden-Mooring-05
2024-06-19 11:00:37,78.3832611,16.3617658,2024-06-Isfjorden-Mooring-05
2024-06-19 11:30:37,78.3832331,16.3618176,2024-06-Isfjorden-Mooring-05
2024-06-19 12:00:38,78.3831996,16.3618102,2024-06-Isfjorden-Mooring-05
2024-06-19 12:30:27,78.3831822,16.3616794,2024-06-Isfjorden-Mooring-05
2024-06-19 13:00:37,78.3831664,16.3616022,2024-06-Isfjorden-Mooring-05
2024-06-19 13:30:38,78.3831526,16.3616043,2024-06-Isfjorden-Mooring-05
2024-06-19 14:00:36,78.3831736,16.3615829,2024-06-Isfjorden-Mooring-05
2024-06-19 15:00:37,78.3831833,16.3617351,2024-06-Isfjorden-Mooring-05
2024-06-19 15:30:37,78.3831827,16.3617458,2024-06-Isfjorden-Mooring-05
2024-06-19 16:00:37,78.38327,16.3620013,2024-06-Isfjorden-Mooring-05
2024-06-19 16:30:26,78.3833758,16.3623431,2024-06-Isfjorden-Mooring-05
2024-06-19 17:00:35,78.3833136,16.3622285,2024-06-Isfjorden-Mooring-05
2024-06-19 17:30:37,78.3833194,16.3622127,2024-06-Isfjorden-Mooring-05
2024-06-19 18:00:37,78.3833401,16.3623225,2024-06-Isfjorden-Mooring-05
2024-06-19 18:30:26,78.3833623,16.362422,2024-06-Isfjorden-Mooring-05
2024-06-19 19:00:38,78.3833681,16.3622969,2024-06-Isfjorden-Mooring-05
2024-06-19 19:30:37,78.3833629,16.3624361,2024-06-Isfjorden-Mooring-05
2024-06-19 20:00:35,78.3833579,16.3624549,2024-06-Isfjorden-Mooring-05
2024-06-19 20:30:27,78.3833602,16.362414,2024-06-Isfjorden-Mooring-05
2024-06-19 21:00:36,78.3833608,16.3624306,2024-06-Isfjorden-Mooring-05
2024-06-19 21:30:36,78.3833619,16.3623695,2024-06-Isfjorden-Mooring-05
2024-06-19 22:00:37,78.3833525,16.3623792,2024-06-Isfjorden-Mooring-05
2024-06-19 22:30:26,78.3833687,16.3623134,2024-06-Isfjorden-Mooring-05
2024-06-19 23:00:35,78.3833561,16.3622108,2024-06-Isfjorden-Mooring-05
2024-06-19 23:30:37,78.3833469,16.362178,2024-06-Isfjorden-Mooring-05
2024-06-20 00:00:37,78.383357,16.362246,2024-06-Isfjorden-Mooring-05
2024-06-20 00:30:25,78.3833572,16.3621938,2024-06-Isfjorden-Mooring-05
2024-06-20 01:00:36,78.3833524,16.3620079,2024-06-Isfjorden-Mooring-05
2024-06-20 01:30:38,78.3833945,16.3621613,2024-06-Isfjorden-Mooring-05
2024-06-20 02:00:37,78.383466,16.3620943,2024-06-Isfjorden-Mooring-05
2024-06-20 02:30:26,78.3834063,16.3619637,2024-06-Isfjorden-Mooring-05
2024-06-20 03:00:38,78.3833838,16.3620806,2024-06-Isfjorden-Mooring-05
2024-06-20 03:30:38,78.3833876,16.3622543,2024-06-Isfjorden-Mooring-05
2024-06-20 04:00:37,78.3833826,16.3621525,2024-06-Isfjorden-Mooring-05
2024-06-20 05:00:35,78.3833772,16.3619897,2024-06-Isfjorden-Mooring-05
2024-06-20 05:30:37,78.3833769,16.3621529,2024-06-Isfjorden-Mooring-05
2024-06-20 06:00:37,78.383367,16.3620907,2024-06-Isfjorden-Mooring-05
2024-06-20 07:00:36,78.3833323,16.3621823,2024-06-Isfjorden-Mooring-05
2024-06-20 07:30:37,78.3833521,16.3621285,2024-06-Isfjorden-Mooring-05
2024-06-20 08:00:36,78.383387,16.3620231,2024-06-Isfjorden-Mooring-05
2024-06-20 08:30:26,78.3833647,16.3620534,2024-06-Isfjorden-Mooring-05
2024-06-20 09:00:36,78.3833575,16.3619991,2024-06-Isfjorden-Mooring-05
2024-06-20 09:30:36,78.3833396,16.3620522,2024-06-Isfjorden-Mooring-05
2024-06-20 10:00:36,78.38333,16.3619521,2024-06-Isfjorden-Mooring-05
2024-06-20 10:30:26,78.3833155,16.3619655,2024-06-Isfjorden-Mooring-05
2024-06-20 11:00:35,78.383351,16.3619922,2024-06-Isfjorden-Mooring-05
2024-06-20 11:30:36,78.3833383,16.361996,2024-06-Isfjorden-Mooring-05
2024-06-20 12:30:25,78.3833174,16.3619224,2024-06-Isfjorden-Mooring-05
2024-06-20 13:00:36,78.3832976,16.3618755,2024-06-Isfjorden-Mooring-05
2024-06-20 13:30:37,78.3832677,16.3618508,2024-06-Isfjorden-Mooring-05
2024-06-20 14:00:36,78.3832575,16.3620293,2024-06-Isfjorden-Mooring-05
2024-06-20 14:30:25,78.3832871,16.3619744,2024-06-Isfjorden-Mooring-05
2024-06-20 15:00:36,78.3832816,16.3619951,2024-06-Isfjorden-Mooring-05
2024-06-20 15:30:36,78.3832692,16.3620239,2024-06-Isfjorden-Mooring-05
2024-06-20 16:00:36,78.3832497,16.3620706,2024-06-Isfjorden-Mooring-05
2024-06-20 16:30:26,78.3832846,16.3620363,2024-06-Isfjorden-Mooring-05
2024-06-20 17:00:36,78.383317,16.362065,2024-06-Isfjorden-Mooring-05
2024-06-20 17:30:37,78.3833074,16.3620856,2024-06-Isfjorden-Mooring-05
2024-06-20 18:00:37,78.3833151,16.3620778,2024-06-Isfjorden-Mooring-05
2024-06-20 18:30:26,78.3833169,16.3621602,2024-06-Isfjorden-Mooring-05
2024-06-20 19:00:37,78.3833192,16.3621501,2024-06-Isfjorden-Mooring-05
2024-06-20 19:30:37,78.3833509,16.362232,2024-06-Isfjorden-Mooring-05
2024-06-20 20:00:36,78.3833461,16.3621864,2024-06-Isfjorden-Mooring-05
2024-06-20 20:30:27,78.3833546,16.3622381,2024-06-Isfjorden-Mooring-05
2024-06-20 21:00:38,78.3833457,16.3621942,2024-06-Isfjorden-Mooring-05
2024-06-20 21:30:38,78.3833392,16.3621667,2024-06-Isfjorden-Mooring-05
2024-06-20 22:00:39,78.3833206,16.3620769,2024-06-Isfjorden-Mooring-05
2024-06-20 22:30:27,78.3833351,16.362177,2024-06-Isfjorden-Mooring-05
2024-06-20 23:00:37,78.3833296,16.3620957,2024-06-Isfjorden-Mooring-05
2024-06-20 23:30:37,78.3833251,16.3620908,2024-06-Isfjorden-Mooring-05
2024-06-21 00:00:37,78.3833216,16.3621004,2024-06-Isfjorden-Mooring-05
2024-06-21 00:30:26,78.3833503,16.3618502,2024-06-Isfjorden-Mooring-05
2024-06-21 01:00:37,78.3833401,16.3618484,2024-06-Isfjorden-Mooring-05
2024-06-21 02:00:37,78.3833273,16.3618491,2024-06-Isfjorden-Mooring-05
2024-06-21 02:30:26,78.3833017,16.3618528,2024-06-Isfjorden-Mooring-05
2024-06-21 03:00:37,78.3832888,16.3618316,2024-06-Isfjorden-Mooring-05
2024-06-21 03:30:37,78.3832783,16.3618018,2024-06-Isfjorden-Mooring-05
2024-06-21 04:00:37,78.3832526,16.3617195,2024-06-Isfjorden-Mooring-05
2024-06-21 04:30:25,78.3832365,16.3617491,2024-06-Isfjorden-Mooring-05
2024-06-21 05:00:36,78.3832236,16.3617237,2024-06-Isfjorden-Mooring-05
2024-06-21 05:30:37,78.3832173,16.3617687,2024-06-Isfjorden-Mooring-05
2024-06-21 06:00:37,78.3832229,16.3617729,2024-06-Isfjorden-Mooring-05
2024-06-21 06:30:26,78.3832142,16.3617746,2024-06-Isfjorden-Mooring-05
2024-06-21 07:00:37,78.3831907,16.3616885,2024-06-Isfjorden-Mooring-05
2024-06-21 07:30:38,78.3832063,16.3617086,2024-06-Isfjorden-Mooring-05
2024-06-21 08:00:37,78.3831964,16.3617693,2024-06-Isfjorden-Mooring-05
2024-06-21 08:30:27,78.3831987,16.3617999,2024-06-Isfjorden-Mooring-05
2024-06-21 09:00:38,78.3831783,16.3617816,2024-06-Isfjorden-Mooring-05
2024-06-21 09:30:38,78.383206,16.3618126,2024-06-Isfjorden-Mooring-05
2024-06-21 10:00:38,78.3832344,16.361814,2024-06-Isfjorden-Mooring-05
2024-06-21 10:30:26,78.3832314,16.3617648,2024-06-Isfjorden-Mooring-05
2024-06-21 11:00:37,78.3832155,16.3616871,2024-06-Isfjorden-Mooring-05
2024-06-21 11:30:38,78.3832143,16.3617169,2024-06-Isfjorden-Mooring-05
2024-06-21 12:00:37,78.3832497,16.3618156,2024-06-Isfjorden-Mooring-05
2024-06-21 12:30:25,78.3832829,16.3618947,2024-06-Isfjorden-Mooring-05
2024-06-21 13:00:38,78.3832715,16.3619276,2024-06-Isfjorden-Mooring-05
2024-06-21 13:30:39,78.3832748,16.3619824,2024-06-Isfjorden-Mooring-05
