time,temp_calibrated_depth_2.25m,temp_calibrated_depth_1.25m,temp_calibrated_depth_0.75m,temp_calibrated_depth_0.25m
2024-06-06 14:30:45,0.34301202793585106,0.34982105816595066,0.3433718986761566,0.3494406233833419
2024-06-06 15:00:56,0.34301202793585106,0.28732105816595066,0.2808718986761566,0.3494406233833419
2024-06-06 15:30:56,0.28051202793585106,0.28732105816595066,0.2808718986761566,0.2869406233833419
2024-06-06 16:00:56,0.21801202793585103,0.22482105816595063,0.21837189867615656,0.22444062338334195
2024-06-06 16:32:49,0.21801202793585103,0.16232105816595063,0.21837189867615656,0.22444062338334195
2024-06-06 17:00:55,0.21801202793585103,0.22482105816595063,0.21837189867615656,0.22444062338334195
2024-06-06 17:30:56,0.21801202793585103,0.22482105816595063,0.21837189867615656,0.22444062338334195
2024-06-06 18:00:56,0.15551202793585103,0.16232105816595063,0.15587189867615656,0.16194062338334195
2024-06-06 18:30:43,0.15551202793585103,0.16232105816595063,0.15587189867615656,0.16194062338334195
2024-06-06 19:00:56,0.15551202793585103,0.16232105816595063,0.15587189867615656,0.16194062338334195
2024-06-06 19:31:24,0.15551202793585103,0.09982105816595063,0.09337189867615656,0.16194062338334195
2024-06-06 20:00:54,0.15551202793585103,0.16232105816595063,0.15587189867615656,0.16194062338334195
2024-06-06 20:30:45,0.21801202793585103,0.16232105816595063,0.21837189867615656,0.22444062338334195
2024-06-06 21:00:57,0.21801202793585103,0.16232105816595063,0.15587189867615656,0.16194062338334195
2024-06-06 21:30:56,0.15551202793585103,0.16232105816595063,0.15587189867615656,0.16194062338334195
2024-06-06 22:00:56,0.15551202793585103,0.16232105816595063,0.15587189867615656,0.22444062338334195
2024-06-06 22:31:20,0.21801202793585103,0.16232105816595063,0.15587189867615656,0.16194062338334195
2024-06-06 23:00:54,0.21801202793585103,0.16232105816595063,0.21837189867615656,0.16194062338334195
2024-06-06 23:30:56,0.21801202793585103,0.22482105816595063,0.21837189867615656,0.22444062338334195
2024-06-07 00:00:56,0.21801202793585103,0.16232105816595063,0.15587189867615656,0.16194062338334195
2024-06-07 00:30:45,0.15551202793585103,0.16232105816595063,0.15587189867615656,0.16194062338334195
2024-06-07 01:00:56,0.09301202793585103,0.03732105816595063,0.09337189867615656,0.09944062338334195
2024-06-07 01:31:30,0.09301202793585103,0.03732105816595063,0.030871898676156556,0.09944062338334195
2024-06-07 02:00:54,0.09301202793585103,0.09982105816595063,0.09337189867615656,0.09944062338334195
2024-06-07 02:30:43,0.15551202793585103,0.09982105816595063,0.09337189867615656,0.09944062338334195
2024-06-07 03:00:56,0.21801202793585103,0.22482105816595063,0.21837189867615656,0.22444062338334195
2024-06-07 03:30:56,0.28051202793585106,0.28732105816595066,0.2808718986761566,0.2869406233833419
2024-06-07 04:00:56,0.34301202793585106,0.34982105816595066,0.3433718986761566,0.3494406233833419
2024-06-07 04:31:19,0.40551202793585106,0.41232105816595066,0.4058718986761566,0.4119406233833419
2024-06-07 05:00:54,0.40551202793585106,0.41232105816595066,0.4058718986761566,0.4119406233833419
2024-06-07 05:30:56,0.40551202793585106,0.41232105816595066,0.4058718986761566,0.4119406233833419
2024-06-07 06:00:56,0.40551202793585106,0.41232105816595066,0.4058718986761566,0.4119406233833419
2024-06-07 06:30:42,0.28051202793585106,0.28732105816595066,0.2808718986761566,0.2869406233833419
2024-06-07 07:00:56,0.28051202793585106,0.28732105816595066,0.2808718986761566,0.2869406233833419
2024-06-07 07:31:33,0.34301202793585106,0.28732105816595066,0.2808718986761566,0.3494406233833419
2024-06-07 08:00:54,0.28051202793585106,0.28732105816595066,0.2808718986761566,0.2869406233833419
2024-06-07 08:30:45,0.28051202793585106,0.28732105816595066,0.2808718986761566,0.2869406233833419
2024-06-07 09:00:56,0.28051202793585106,0.28732105816595066,0.2808718986761566,0.2869406233833419
2024-06-07 09:30:56,0.21801202793585103,0.22482105816595063,0.21837189867615656,0.22444062338334195
2024-06-07 10:00:56,0.21801202793585103,0.22482105816595063,0.21837189867615656,0.22444062338334195
2024-06-07 10:31:08,0.15551202793585103,0.09982105816595063,0.15587189867615656,0.16194062338334195
2024-06-07 11:00:55,0.09301202793585103,0.09982105816595063,0.09337189867615656,0.09944062338334195
2024-06-07 11:30:57,0.09301202793585103,0.09982105816595063,0.030871898676156556,0.09944062338334195
2024-06-07 12:00:56,0.15551202793585103,0.16232105816595063,0.09337189867615656,0.16194062338334195
2024-06-07 12:30:45,0.15551202793585103,0.16232105816595063,0.15587189867615656,0.16194062338334195
2024-06-07 13:00:56,0.21801202793585103,0.22482105816595063,0.21837189867615656,0.22444062338334195
2024-06-07 13:31:31,0.28051202793585106,0.28732105816595066,0.2808718986761566,0.2869406233833419
2024-06-07 14:00:55,0.46801202793585106,0.47482105816595066,0.4683718986761566,0.4744406233833419
2024-06-07 14:30:45,0.5305120279358511,0.5373210581659507,0.5308718986761566,0.5369406233833419
2024-06-07 15:00:56,0.5930120279358511,0.5373210581659507,0.5308718986761566,0.5369406233833419
2024-06-07 15:30:57,0.46801202793585106,0.47482105816595066,0.4683718986761566,0.4744406233833419
2024-06-07 16:00:56,0.5305120279358511,0.47482105816595066,0.5308718986761566,0.5369406233833419
2024-06-07 16:31:12,0.5305120279358511,0.5373210581659507,0.5308718986761566,0.5369406233833419
2024-06-07 17:00:54,0.5930120279358511,0.5373210581659507,0.5308718986761566,0.5994406233833419
2024-06-07 17:30:57,0.5930120279358511,0.5998210581659507,0.5933718986761566,0.5994406233833419
2024-06-07 18:00:56,0.5305120279358511,0.5373210581659507,0.5308718986761566,0.5369406233833419
2024-06-07 18:30:44,0.46801202793585106,0.41232105816595066,0.4058718986761566,0.4119406233833419
2024-06-07 19:00:55,0.5305120279358511,0.47482105816595066,0.4683718986761566,0.5369406233833419
2024-06-07 19:31:23,0.5305120279358511,0.5373210581659507,0.5308718986761566,0.5369406233833419
2024-06-07 20:00:54,0.46801202793585106,0.47482105816595066,0.4683718986761566,0.4744406233833419
2024-06-07 20:30:44,0.40551202793585106,0.41232105816595066,0.4058718986761566,0.4119406233833419
2024-06-07 21:00:57,0.40551202793585106,0.41232105816595066,0.4058718986761566,0.4119406233833419
2024-06-07 21:30:55,0.34301202793585106,0.28732105816595066,0.2808718986761566,0.2869406233833419
2024-06-07 22:00:56,0.21801202793585103,0.22482105816595063,0.2808718986761566,0.2869406233833419
2024-06-07 22:31:08,0.21801202793585103,0.28732105816595066,0.2808718986761566,0.3494406233833419
2024-06-07 23:00:55,0.15551202793585103,0.22482105816595063,0.3433718986761566,0.3494406233833419
2024-06-07 23:30:56,0.28051202793585106,0.34982105816595066,0.3433718986761566,0.4119406233833419
2024-06-08 00:00:56,0.34301202793585106,0.41232105816595066,0.4058718986761566,0.4744406233833419
2024-06-08 00:30:45,0.40551202793585106,0.41232105816595066,0.4683718986761566,0.4744406233833419
2024-06-08 01:00:55,0.40551202793585106,0.47482105816595066,0.5308718986761566,0.5369406233833419
2024-06-08 01:32:23,0.46801202793585106,0.47482105816595066,0.4683718986761566,0.4744406233833419
2024-06-08 02:00:53,0.34301202793585106,0.34982105816595066,0.4058718986761566,0.4744406233833419
2024-06-08 02:30:43,0.34301202793585106,0.34982105816595066,0.4683718986761566,0.4744406233833419
2024-06-08 03:00:54,0.5305120279358511,0.5373210581659507,0.4683718986761566,0.5369406233833419
2024-06-08 03:30:55,0.6555120279358511,0.6623210581659507,0.6558718986761566,0.6619406233833419
2024-06-08 04:00:54,0.6555120279358511,0.7248210581659507,0.6558718986761566,0.7244406233833419
2024-06-08 04:31:14,0.7180120279358511,0.7248210581659507,0.7183718986761566,0.7869406233833419
2024-06-08 05:00:54,0.6555120279358511,0.7873210581659507,0.8433718986761566,0.8494406233833419
2024-06-08 05:30:53,0.7180120279358511,0.5373210581659507,0.7808718986761566,1.036940623383342
2024-06-08 06:00:55,0.46801202793585106,0.5373210581659507,0.5308718986761566,1.099440623383342
2024-06-08 06:30:43,0.46801202793585106,0.5373210581659507,0.9058718986761566,1.036940623383342
2024-06-08 07:00:54,0.40551202793585106,0.5373210581659507,0.9683718986761566,1.099440623383342
2024-06-08 07:31:28,0.46801202793585106,0.6623210581659507,1.0933718986761565,1.161940623383342
2024-06-08 08:00:54,0.5930120279358511,0.6623210581659507,1.0933718986761565,1.161940623383342
2024-06-08 08:30:42,0.6555120279358511,0.7248210581659507,0.9683718986761566,1.099440623383342
2024-06-08 09:00:55,0.6555120279358511,0.8498210581659507,1.0308718986761565,1.099440623383342
2024-06-08 09:30:54,0.6555120279358511,0.9123210581659507,1.0308718986761565,1.036940623383342
2024-06-08 10:00:55,0.6555120279358511,0.9123210581659507,0.9683718986761566,0.9744406233833419
2024-06-08 10:31:09,0.7180120279358511,0.9748210581659507,1.0308718986761565,1.036940623383342
2024-06-08 11:00:54,0.7805120279358511,1.0373210581659507,1.0308718986761565,1.036940623383342
2024-06-08 11:30:55,0.8430120279358511,1.0373210581659507,1.0933718986761565,1.099440623383342
2024-06-08 12:00:55,0.8430120279358511,1.0998210581659507,1.1558718986761565,1.224440623383342
2024-06-08 12:30:44,0.6555120279358511,0.9748210581659507,1.2183718986761565,1.411940623383342
2024-06-08 13:00:56,0.6555120279358511,0.8498210581659507,1.2183718986761565,1.536940623383342
2024-06-08 13:31:31,0.5930120279358511,0.9748210581659507,1.4058718986761565,1.724440623383342
2024-06-08 14:00:56,0.5930120279358511,0.7248210581659507,1.0933718986761565,1.974440623383342
2024-06-08 14:30:46,0.5930120279358511,0.9748210581659507,1.7183718986761565,2.036940623383342
2024-06-08 15:00:55,0.6555120279358511,0.9748210581659507,1.9683718986761565,2.224440623383342
2024-06-08 15:30:56,1.968012027935851,2.5998210581659507,2.7183718986761565,2.724440623383342
2024-06-08 16:00:55,1.343012027935851,2.5998210581659507,2.8433718986761565,2.849440623383342
2024-06-08 16:31:06,1.280512027935851,1.5998210581659507,1.8433718986761565,2.536940623383342
2024-06-08 17:00:54,1.155512027935851,1.4748210581659507,1.7183718986761565,1.974440623383342
2024-06-08 17:30:55,1.093012027935851,1.4748210581659507,1.7183718986761565,1.849440623383342
2024-06-08 18:00:55,0.9055120279358511,1.2248210581659507,1.5308718986761565,1.974440623383342
2024-06-08 18:30:44,0.9680120279358511,0.9748210581659507,1.2183718986761565,1.661940623383342
2024-06-08 19:00:55,0.9055120279358511,0.9748210581659507,1.0308718986761565,1.036940623383342
2024-06-08 19:32:27,0.9055120279358511,0.9123210581659507,0.9058718986761566,0.9119406233833419
2024-06-08 20:00:55,0.7805120279358511,0.8498210581659507,0.8433718986761566,0.8494406233833419
2024-06-08 20:30:44,0.8430120279358511,0.9123210581659507,0.9683718986761566,0.9744406233833419
2024-06-08 21:00:55,0.8430120279358511,0.8498210581659507,0.8433718986761566,0.8494406233833419
2024-06-08 21:30:55,0.6555120279358511,0.6623210581659507,0.6558718986761566,0.6619406233833419
2024-06-08 22:00:55,0.5305120279358511,0.5373210581659507,0.5308718986761566,0.5369406233833419
2024-06-08 22:31:09,0.46801202793585106,0.47482105816595066,0.4683718986761566,0.4744406233833419
2024-06-08 23:00:54,0.40551202793585106,0.41232105816595066,0.4058718986761566,0.4119406233833419
2024-06-08 23:30:55,0.40551202793585106,0.34982105816595066,0.4058718986761566,0.4119406233833419
2024-06-09 00:00:55,0.34301202793585106,0.34982105816595066,0.3433718986761566,0.3494406233833419
2024-06-09 00:30:45,0.28051202793585106,0.28732105816595066,0.2808718986761566,0.2869406233833419
2024-06-09 01:00:55,0.21801202793585103,0.22482105816595063,0.21837189867615656,0.22444062338334195
2024-06-09 01:31:31,0.21801202793585103,0.22482105816595063,0.21837189867615656,0.22444062338334195
2024-06-09 02:00:54,0.21801202793585103,0.16232105816595063,0.21837189867615656,0.22444062338334195
2024-06-09 02:30:44,0.21801202793585103,0.16232105816595063,0.15587189867615656,0.16194062338334195
2024-06-09 03:00:55,0.15551202793585103,0.16232105816595063,0.15587189867615656,0.16194062338334195
2024-06-09 03:30:55,0.15551202793585103,0.16232105816595063,0.15587189867615656,0.16194062338334195
2024-06-09 04:00:55,0.15551202793585103,0.16232105816595063,0.15587189867615656,0.16194062338334195
2024-06-09 04:31:34,0.15551202793585103,0.16232105816595063,0.15587189867615656,0.16194062338334195
2024-06-09 05:00:54,0.15551202793585103,0.09982105816595063,0.15587189867615656,0.16194062338334195
2024-06-09 05:30:55,0.15551202793585103,0.16232105816595063,0.15587189867615656,0.16194062338334195
2024-06-09 06:00:55,0.15551202793585103,0.16232105816595063,0.15587189867615656,0.16194062338334195
2024-06-09 06:30:44,0.15551202793585103,0.16232105816595063,0.15587189867615656,0.16194062338334195
2024-06-09 07:00:55,0.15551202793585103,0.16232105816595063,0.15587189867615656,0.16194062338334195
2024-06-09 07:31:33,0.15551202793585103,0.16232105816595063,0.15587189867615656,0.16194062338334195
2024-06-09 08:00:54,0.15551202793585103,0.16232105816595063,0.15587189867615656,0.16194062338334195
2024-06-09 08:30:45,0.15551202793585103,0.16232105816595063,0.15587189867615656,0.16194062338334195
2024-06-09 09:00:55,0.15551202793585103,0.16232105816595063,0.15587189867615656,0.22444062338334195
2024-06-09 09:30:55,0.15551202793585103,0.16232105816595063,0.15587189867615656,0.16194062338334195
2024-06-09 10:00:55,0.34301202793585106,0.41232105816595066,0.4683718986761566,0.4744406233833419
2024-06-09 10:31:15,0.5305120279358511,0.5373210581659507,0.5308718986761566,0.5369406233833419
2024-06-09 11:00:55,0.46801202793585106,0.47482105816595066,0.5308718986761566,0.5369406233833419
2024-06-09 11:30:56,0.46801202793585106,0.47482105816595066,0.4683718986761566,0.4744406233833419
2024-06-09 12:00:55,0.46801202793585106,0.47482105816595066,0.4683718986761566,0.4744406233833419
2024-06-09 12:30:44,0.46801202793585106,0.47482105816595066,0.4683718986761566,0.4744406233833419
2024-06-09 13:00:56,0.46801202793585106,0.47482105816595066,0.4683718986761566,0.4744406233833419
2024-06-09 13:31:25,0.46801202793585106,0.47482105816595066,0.4683718986761566,0.4744406233833419
2024-06-09 14:00:54,0.46801202793585106,0.47482105816595066,0.4683718986761566,0.4744406233833419
2024-06-09 14:30:46,0.46801202793585106,0.47482105816595066,0.4683718986761566,0.5369406233833419
2024-06-09 15:00:56,0.46801202793585106,0.47482105816595066,0.5308718986761566,0.5369406233833419
2024-06-09 15:30:56,0.46801202793585106,0.47482105816595066,0.4683718986761566,0.4744406233833419
2024-06-09 16:00:56,0.46801202793585106,0.47482105816595066,0.4683718986761566,0.4744406233833419
2024-06-09 16:32:04,0.5930120279358511,0.5998210581659507,0.5933718986761566,0.5994406233833419
2024-06-09 17:00:54,0.5930120279358511,0.6623210581659507,0.6558718986761566,0.7244406233833419
2024-06-09 17:30:56,0.5930120279358511,0.6623210581659507,0.7183718986761566,0.7244406233833419
2024-06-09 18:00:55,0.6555120279358511,0.7248210581659507,0.7808718986761566,0.7869406233833419
2024-06-09 18:30:43,0.7805120279358511,0.7873210581659507,0.7808718986761566,0.7869406233833419
2024-06-09 19:00:56,0.9055120279358511,0.8498210581659507,0.9058718986761566,0.9119406233833419
2024-06-09 19:31:28,0.9055120279358511,0.9123210581659507,0.9058718986761566,0.9119406233833419
2024-06-09 20:00:54,0.9055120279358511,0.9123210581659507,0.9058718986761566,0.9119406233833419
2024-06-09 20:30:44,0.9055120279358511,0.9123210581659507,0.9058718986761566,0.9119406233833419
2024-06-09 21:00:56,0.9055120279358511,0.9123210581659507,0.9683718986761566,0.9744406233833419
2024-06-09 21:30:56,0.7805120279358511,0.7873210581659507,0.7808718986761566,0.7869406233833419
2024-06-09 22:00:56,0.8430120279358511,0.7873210581659507,0.8433718986761566,0.8494406233833419
2024-06-09 22:31:06,0.7805120279358511,0.7873210581659507,0.7808718986761566,0.7869406233833419
2024-06-09 23:00:54,0.7805120279358511,0.7873210581659507,0.7808718986761566,0.7869406233833419
2024-06-09 23:30:55,0.8430120279358511,0.7873210581659507,0.8433718986761566,0.8494406233833419
2024-06-10 00:00:55,0.8430120279358511,0.8498210581659507,0.8433718986761566,0.8494406233833419
2024-06-10 00:30:44,0.9055120279358511,0.9123210581659507,0.9058718986761566,0.9119406233833419
2024-06-10 01:00:55,0.9680120279358511,0.9123210581659507,0.9058718986761566,0.9119406233833419
2024-06-10 01:31:39,0.9680120279358511,0.9123210581659507,0.9058718986761566,0.9119406233833419
2024-06-10 02:00:55,1.030512027935851,0.9748210581659507,0.9683718986761566,0.9744406233833419
2024-06-10 02:30:44,1.030512027935851,1.0373210581659507,0.9683718986761566,0.9744406233833419
2024-06-10 03:00:56,1.030512027935851,0.9748210581659507,1.0308718986761565,0.9119406233833419
2024-06-10 03:30:56,1.030512027935851,1.0373210581659507,0.9683718986761566,0.9119406233833419
2024-06-10 04:00:55,1.093012027935851,1.0998210581659507,0.9683718986761566,0.9744406233833419
2024-06-10 04:31:07,1.030512027935851,1.1623210581659507,1.0933718986761565,1.036940623383342
2024-06-10 05:00:54,1.030512027935851,1.1623210581659507,1.0933718986761565,1.099440623383342
2024-06-10 05:30:56,1.093012027935851,1.2248210581659507,1.1558718986761565,1.036940623383342
2024-06-10 06:00:57,1.093012027935851,1.2248210581659507,1.2183718986761565,1.286940623383342
2024-06-10 06:30:44,1.030512027935851,1.1623210581659507,1.2183718986761565,1.224440623383342
2024-06-10 07:00:56,1.093012027935851,1.2873210581659507,1.2183718986761565,1.286940623383342
2024-06-10 07:31:32,1.093012027935851,1.2873210581659507,1.2808718986761565,1.536940623383342
2024-06-10 08:00:54,1.093012027935851,1.2873210581659507,1.2808718986761565,1.474440623383342
2024-06-10 08:30:44,1.155512027935851,1.2248210581659507,1.2808718986761565,1.349440623383342
2024-06-10 09:00:55,1.155512027935851,1.0998210581659507,1.1558718986761565,1.349440623383342
2024-06-10 09:30:55,1.030512027935851,1.0373210581659507,1.0933718986761565,1.224440623383342
2024-06-10 10:00:56,1.030512027935851,1.0373210581659507,1.2808718986761565,1.474440623383342
2024-06-10 10:31:06,1.030512027935851,1.0373210581659507,1.4683718986761565,1.536940623383342
2024-06-10 11:00:55,1.030512027935851,1.3498210581659507,1.4058718986761565,1.474440623383342
2024-06-10 11:30:55,1.155512027935851,1.3498210581659507,1.4058718986761565,1.411940623383342
2024-06-10 12:00:55,1.093012027935851,1.3498210581659507,1.4058718986761565,1.411940623383342
2024-06-10 12:30:45,0.9680120279358511,1.3498210581659507,1.4683718986761565,1.474440623383342
2024-06-10 13:00:55,1.343012027935851,1.5373210581659507,1.5933718986761565,1.661940623383342
2024-06-10 13:31:24,1.343012027935851,1.5373210581659507,1.5933718986761565,1.599440623383342
2024-06-10 14:00:55,1.218012027935851,1.4123210581659507,1.4683718986761565,1.536940623383342
2024-06-10 14:30:42,1.343012027935851,1.4123210581659507,1.4683718986761565,1.474440623383342
2024-06-10 15:00:55,1.343012027935851,1.3498210581659507,1.4058718986761565,1.411940623383342
2024-06-10 15:30:55,1.405512027935851,1.4748210581659507,1.4683718986761565,1.474440623383342
2024-06-10 16:00:55,1.530512027935851,1.5373210581659507,1.5308718986761565,1.536940623383342
2024-06-10 16:32:29,1.593012027935851,1.6623210581659507,1.6558718986761565,1.661940623383342
2024-06-10 17:00:53,1.530512027935851,1.5998210581659507,1.5933718986761565,1.599440623383342
2024-06-10 17:30:54,1.530512027935851,1.5998210581659507,1.5933718986761565,1.599440623383342
2024-06-10 18:00:54,1.593012027935851,1.5998210581659507,1.5933718986761565,1.599440623383342
2024-06-10 18:30:43,1.468012027935851,1.5373210581659507,1.5308718986761565,1.536940623383342
2024-06-10 19:00:54,1.468012027935851,1.5373210581659507,1.5308718986761565,1.536940623383342
2024-06-10 19:31:30,1.468012027935851,1.4748210581659507,1.4683718986761565,1.474440623383342
2024-06-10 20:00:54,1.468012027935851,1.4748210581659507,1.4683718986761565,1.474440623383342
2024-06-10 20:30:43,1.468012027935851,1.4123210581659507,1.4683718986761565,1.474440623383342
2024-06-10 21:00:55,1.468012027935851,1.4748210581659507,1.4683718986761565,1.474440623383342
2024-06-10 21:30:54,1.530512027935851,1.5373210581659507,1.5308718986761565,1.536940623383342
2024-06-10 22:00:54,1.530512027935851,1.5373210581659507,1.5308718986761565,1.536940623383342
2024-06-10 22:31:12,1.530512027935851,1.5373210581659507,1.5308718986761565,1.536940623383342
2024-06-10 23:00:53,1.468012027935851,1.4748210581659507,1.5308718986761565,1.536940623383342
2024-06-10 23:30:54,1.405512027935851,1.4123210581659507,1.4058718986761565,1.474440623383342
2024-06-11 00:00:54,1.405512027935851,1.3498210581659507,1.4058718986761565,1.411940623383342
2024-06-11 00:30:45,1.280512027935851,1.2873210581659507,1.3433718986761565,1.349440623383342
2024-06-11 01:00:53,1.343012027935851,1.2873210581659507,1.3433718986761565,1.349440623383342
2024-06-11 01:31:30,1.218012027935851,1.2248210581659507,1.2183718986761565,1.224440623383342
2024-06-11 02:00:52,1.280512027935851,1.2873210581659507,1.2808718986761565,1.286940623383342
2024-06-11 02:30:44,1.343012027935851,1.3498210581659507,1.4058718986761565,1.411940623383342
2024-06-11 03:00:54,1.405512027935851,1.4123210581659507,1.4058718986761565,1.411940623383342
2024-06-11 03:30:54,1.405512027935851,1.4123210581659507,1.4058718986761565,1.411940623383342
2024-06-11 04:00:55,1.405512027935851,1.4123210581659507,1.4058718986761565,1.474440623383342
2024-06-11 04:31:22,1.405512027935851,1.4123210581659507,1.4683718986761565,1.474440623383342
2024-06-11 05:00:52,1.405512027935851,1.4123210581659507,1.4058718986761565,1.411940623383342
2024-06-11 05:30:54,1.343012027935851,1.3498210581659507,1.3433718986761565,1.349440623383342
2024-06-11 06:00:54,1.405512027935851,1.4123210581659507,1.4058718986761565,1.411940623383342
2024-06-11 06:30:44,1.405512027935851,1.3498210581659507,1.4058718986761565,1.411940623383342
2024-06-11 07:00:54,1.405512027935851,1.4123210581659507,1.4058718986761565,1.411940623383342
2024-06-11 07:31:29,1.405512027935851,1.3498210581659507,1.4058718986761565,1.411940623383342
2024-06-11 08:00:54,1.405512027935851,1.3498210581659507,1.4058718986761565,1.411940623383342
2024-06-11 08:30:43,1.405512027935851,1.4123210581659507,1.4058718986761565,1.411940623383342
2024-06-11 09:00:54,1.405512027935851,1.4123210581659507,1.4058718986761565,1.411940623383342
2024-06-11 09:30:57,1.405512027935851,1.4123210581659507,1.4058718986761565,1.411940623383342
2024-06-11 10:00:56,1.468012027935851,1.4123210581659507,1.4058718986761565,1.474440623383342
2024-06-11 10:31:06,1.405512027935851,1.4123210581659507,1.4058718986761565,1.411940623383342
2024-06-11 11:00:54,1.468012027935851,1.4123210581659507,1.4683718986761565,1.474440623383342
2024-06-11 11:30:56,1.343012027935851,1.3498210581659507,1.3433718986761565,1.411940623383342
2024-06-11 12:00:57,1.343012027935851,1.4123210581659507,1.4058718986761565,1.411940623383342
2024-06-11 12:30:44,1.343012027935851,1.3498210581659507,1.3433718986761565,1.349440623383342
2024-06-11 13:00:57,1.343012027935851,1.4123210581659507,1.4058718986761565,1.411940623383342
2024-06-11 13:31:30,1.405512027935851,1.4123210581659507,1.4058718986761565,1.411940623383342
2024-06-11 14:00:54,1.405512027935851,1.4123210581659507,1.4058718986761565,1.411940623383342
2024-06-11 14:30:44,1.468012027935851,1.4748210581659507,1.5308718986761565,1.474440623383342
2024-06-11 15:00:56,1.593012027935851,1.5998210581659507,1.5933718986761565,1.599440623383342
2024-06-11 15:30:56,1.593012027935851,1.6623210581659507,1.6558718986761565,1.661940623383342
2024-06-11 16:00:55,1.593012027935851,1.6623210581659507,1.6558718986761565,1.661940623383342
2024-06-11 16:31:16,1.655512027935851,1.6623210581659507,1.6558718986761565,1.661940623383342
2024-06-11 17:00:54,1.655512027935851,1.6623210581659507,1.6558718986761565,1.724440623383342
2024-06-11 17:30:55,1.655512027935851,1.7248210581659507,1.7808718986761565,1.786940623383342
2024-06-11 18:00:55,1.718012027935851,1.7248210581659507,1.7808718986761565,1.786940623383342
2024-06-11 18:30:44,1.718012027935851,1.7248210581659507,1.7183718986761565,1.724440623383342
2024-06-11 19:00:55,1.593012027935851,1.5998210581659507,1.6558718986761565,1.661940623383342
2024-06-11 19:31:23,1.530512027935851,1.5373210581659507,1.5308718986761565,1.599440623383342
2024-06-11 20:00:55,1.468012027935851,1.5373210581659507,1.5308718986761565,1.536940623383342
2024-06-11 20:30:44,1.468012027935851,1.4748210581659507,1.5308718986761565,1.474440623383342
2024-06-11 21:00:55,1.530512027935851,1.4748210581659507,1.5308718986761565,1.536940623383342
2024-06-11 21:30:55,1.468012027935851,1.4748210581659507,1.5308718986761565,1.536940623383342
2024-06-11 22:00:55,1.468012027935851,1.4748210581659507,1.5308718986761565,1.474440623383342
2024-06-11 22:31:15,1.468012027935851,1.4748210581659507,1.5308718986761565,1.474440623383342
2024-06-11 23:00:56,1.468012027935851,1.4748210581659507,1.4683718986761565,1.474440623383342
2024-06-11 23:30:55,1.530512027935851,1.4748210581659507,1.5308718986761565,1.536940623383342
2024-06-12 00:00:55,1.530512027935851,1.4748210581659507,1.5308718986761565,1.536940623383342
2024-06-12 00:30:45,1.530512027935851,1.5373210581659507,1.5308718986761565,1.536940623383342
2024-06-12 01:00:55,1.218012027935851,1.4748210581659507,1.5308718986761565,1.536940623383342
2024-06-12 01:31:53,1.218012027935851,1.2248210581659507,1.2183718986761565,1.224440623383342
2024-06-12 02:00:54,1.218012027935851,1.1623210581659507,1.2183718986761565,1.224440623383342
2024-06-12 02:30:44,1.218012027935851,1.1623210581659507,1.2183718986761565,1.224440623383342
2024-06-12 03:00:55,1.218012027935851,1.2248210581659507,1.2183718986761565,1.224440623383342
2024-06-12 03:30:56,1.218012027935851,1.1623210581659507,1.1558718986761565,1.224440623383342
2024-06-12 04:00:56,1.280512027935851,1.2873210581659507,1.2808718986761565,1.286940623383342
2024-06-12 04:31:08,1.280512027935851,1.2873210581659507,1.2808718986761565,1.286940623383342
2024-06-12 05:00:54,1.343012027935851,1.3498210581659507,1.3433718986761565,1.349440623383342
2024-06-12 05:30:56,1.343012027935851,1.3498210581659507,1.3433718986761565,1.349440623383342
2024-06-12 06:00:56,1.405512027935851,1.4123210581659507,1.4058718986761565,1.411940623383342
2024-06-12 06:30:44,1.468012027935851,1.4748210581659507,1.4683718986761565,1.474440623383342
2024-06-12 07:00:56,1.468012027935851,1.4123210581659507,1.4683718986761565,1.474440623383342
2024-06-12 07:31:26,1.468012027935851,1.4748210581659507,1.4683718986761565,1.474440623383342
2024-06-12 08:00:54,1.468012027935851,1.4748210581659507,1.4683718986761565,1.474440623383342
2024-06-12 08:30:44,1.530512027935851,1.4748210581659507,1.4683718986761565,1.474440623383342
2024-06-12 09:00:56,1.468012027935851,1.4748210581659507,1.4683718986761565,1.474440623383342
2024-06-12 09:30:56,1.468012027935851,1.4748210581659507,1.4683718986761565,1.474440623383342
2024-06-12 10:00:56,1.468012027935851,1.4748210581659507,1.4683718986761565,1.474440623383342
2024-06-12 10:31:12,1.468012027935851,1.4748210581659507,1.4683718986761565,1.474440623383342
2024-06-12 11:00:54,1.530512027935851,1.4748210581659507,1.5308718986761565,1.536940623383342
2024-06-12 11:30:56,1.530512027935851,1.4748210581659507,1.5308718986761565,1.536940623383342
2024-06-12 12:00:56,1.530512027935851,1.5373210581659507,1.5308718986761565,1.536940623383342
2024-06-12 12:30:44,1.530512027935851,1.5373210581659507,1.5308718986761565,1.536940623383342
2024-06-12 13:00:56,1.593012027935851,1.5998210581659507,1.5933718986761565,1.599440623383342
2024-06-12 13:31:32,1.593012027935851,1.5998210581659507,1.5933718986761565,1.599440623383342
2024-06-12 14:00:54,1.593012027935851,1.5998210581659507,1.5933718986761565,1.599440623383342
2024-06-12 14:30:45,1.655512027935851,1.5998210581659507,1.5933718986761565,1.661940623383342
2024-06-12 15:00:56,1.593012027935851,1.5998210581659507,1.5933718986761565,1.599440623383342
2024-06-12 15:30:56,1.530512027935851,1.5373210581659507,1.5308718986761565,1.536940623383342
2024-06-12 16:00:56,1.593012027935851,1.5998210581659507,1.6558718986761565,1.599440623383342
2024-06-12 16:31:06,1.593012027935851,1.5998210581659507,1.5933718986761565,1.599440623383342
2024-06-12 17:00:55,1.593012027935851,1.5373210581659507,1.5933718986761565,1.599440623383342
2024-06-12 17:30:56,1.530512027935851,1.5373210581659507,1.5308718986761565,1.536940623383342
2024-06-12 18:00:56,1.530512027935851,1.5373210581659507,1.5308718986761565,1.536940623383342
2024-06-12 18:30:45,1.530512027935851,1.5373210581659507,1.5308718986761565,1.536940623383342
2024-06-12 19:00:56,1.530512027935851,1.5373210581659507,1.5308718986761565,1.536940623383342
2024-06-12 19:31:33,1.593012027935851,1.5998210581659507,1.5933718986761565,1.599440623383342
2024-06-12 20:00:55,1.593012027935851,1.5998210581659507,1.5933718986761565,1.599440623383342
2024-06-12 20:30:43,1.593012027935851,1.5998210581659507,1.5933718986761565,1.599440623383342
2024-06-12 21:00:56,1.655512027935851,1.5998210581659507,1.5933718986761565,1.599440623383342
2024-06-12 21:30:57,1.655512027935851,1.6623210581659507,1.6558718986761565,1.661940623383342
2024-06-12 22:00:56,1.655512027935851,1.6623210581659507,1.6558718986761565,1.661940623383342
2024-06-12 22:31:06,1.655512027935851,1.6623210581659507,1.6558718986761565,1.661940623383342
2024-06-12 23:00:55,1.655512027935851,1.6623210581659507,1.6558718986761565,1.661940623383342
2024-06-12 23:30:56,1.655512027935851,1.6623210581659507,1.7183718986761565,1.661940623383342
2024-06-13 00:00:56,1.718012027935851,1.6623210581659507,1.7183718986761565,1.724440623383342
2024-06-13 00:30:44,1.718012027935851,1.6623210581659507,1.7183718986761565,1.724440623383342
2024-06-13 01:00:56,1.718012027935851,1.7248210581659507,1.7183718986761565,1.724440623383342
2024-06-13 01:31:26,1.718012027935851,1.6623210581659507,1.7183718986761565,1.661940623383342
2024-06-13 02:00:55,1.655512027935851,1.6623210581659507,1.6558718986761565,1.661940623383342
2024-06-13 02:30:45,1.655512027935851,1.6623210581659507,1.6558718986761565,1.661940623383342
2024-06-13 03:00:56,1.655512027935851,1.6623210581659507,1.6558718986761565,1.661940623383342
2024-06-13 03:30:56,1.655512027935851,1.6623210581659507,1.6558718986761565,1.661940623383342
2024-06-13 04:00:56,1.655512027935851,1.6623210581659507,1.6558718986761565,1.661940623383342
2024-06-13 04:31:14,1.655512027935851,1.6623210581659507,1.6558718986761565,1.661940623383342
2024-06-13 05:00:55,1.655512027935851,1.6623210581659507,1.6558718986761565,1.661940623383342
2024-06-13 05:30:57,1.655512027935851,1.6623210581659507,1.6558718986761565,1.661940623383342
2024-06-13 06:00:56,1.655512027935851,1.6623210581659507,1.6558718986761565,1.661940623383342
2024-06-13 06:30:45,1.718012027935851,1.6623210581659507,1.6558718986761565,1.661940623383342
2024-06-13 07:00:56,1.655512027935851,1.6623210581659507,1.6558718986761565,1.661940623383342
2024-06-13 07:31:30,1.655512027935851,1.7248210581659507,1.6558718986761565,1.724440623383342
2024-06-13 08:00:55,1.718012027935851,1.6623210581659507,1.7183718986761565,1.724440623383342
2024-06-13 08:30:44,1.780512027935851,1.7248210581659507,1.7183718986761565,1.724440623383342
2024-06-13 09:00:56,1.718012027935851,1.6623210581659507,1.6558718986761565,1.661940623383342
2024-06-13 09:30:56,1.718012027935851,1.6623210581659507,1.6558718986761565,1.724440623383342
2024-06-13 10:00:55,1.718012027935851,1.7248210581659507,1.6558718986761565,1.724440623383342
2024-06-13 10:31:10,1.780512027935851,1.7248210581659507,1.7183718986761565,1.724440623383342
2024-06-13 11:00:54,1.780512027935851,1.7248210581659507,1.7183718986761565,1.724440623383342
2024-06-13 11:30:55,1.780512027935851,1.7248210581659507,1.7183718986761565,1.724440623383342
2024-06-13 12:00:55,1.843012027935851,1.7873210581659507,1.7808718986761565,1.786940623383342
2024-06-13 12:30:45,1.843012027935851,1.8498210581659507,1.8433718986761565,1.849440623383342
2024-06-13 13:00:55,1.843012027935851,1.7873210581659507,1.8433718986761565,1.849440623383342
2024-06-13 13:31:32,1.905512027935851,1.8498210581659507,1.8433718986761565,1.849440623383342
2024-06-13 14:00:55,1.905512027935851,1.8498210581659507,1.9058718986761565,1.911940623383342
2024-06-13 14:30:45,1.905512027935851,1.9123210581659507,1.9058718986761565,1.911940623383342
2024-06-13 15:00:55,1.968012027935851,1.9748210581659507,1.9683718986761565,1.974440623383342
2024-06-13 15:30:55,1.968012027935851,1.9748210581659507,1.9683718986761565,1.974440623383342
2024-06-13 16:00:55,2.030512027935851,1.9748210581659507,1.9683718986761565,1.974440623383342
2024-06-13 16:31:07,1.968012027935851,1.9748210581659507,1.9683718986761565,1.974440623383342
2024-06-13 17:00:54,1.968012027935851,1.9748210581659507,2.0308718986761565,1.974440623383342
2024-06-13 17:30:55,2.030512027935851,1.9748210581659507,2.0308718986761565,2.036940623383342
2024-06-13 18:00:55,2.030512027935851,2.0373210581659507,2.0308718986761565,2.036940623383342
2024-06-13 18:30:44,2.030512027935851,2.0373210581659507,2.0308718986761565,2.036940623383342
2024-06-13 19:00:55,1.968012027935851,1.9748210581659507,1.9683718986761565,2.036940623383342
2024-06-13 19:32:17,1.968012027935851,1.9748210581659507,1.9683718986761565,1.974440623383342
2024-06-13 20:00:57,1.968012027935851,1.9748210581659507,1.9683718986761565,1.974440623383342
2024-06-13 20:30:43,1.968012027935851,1.9748210581659507,1.9683718986761565,1.974440623383342
2024-06-13 21:00:56,1.968012027935851,1.9123210581659507,1.9683718986761565,1.974440623383342
2024-06-13 21:30:55,1.968012027935851,1.9748210581659507,1.9683718986761565,1.974440623383342
2024-06-13 22:00:55,1.968012027935851,1.9748210581659507,1.9683718986761565,1.974440623383342
2024-06-13 22:31:05,2.030512027935851,1.9748210581659507,1.9683718986761565,1.974440623383342
2024-06-13 23:00:53,2.030512027935851,2.0373210581659507,2.0308718986761565,2.036940623383342
2024-06-13 23:30:55,2.030512027935851,2.0373210581659507,2.0308718986761565,2.036940623383342
2024-06-14 00:00:55,2.030512027935851,2.0373210581659507,2.0308718986761565,2.036940623383342
2024-06-14 00:30:43,2.093012027935851,2.0373210581659507,2.0308718986761565,2.099440623383342
2024-06-14 01:00:54,2.093012027935851,2.0373210581659507,2.0933718986761565,2.036940623383342
2024-06-14 01:31:28,2.030512027935851,2.0373210581659507,2.0308718986761565,2.036940623383342
2024-06-14 02:00:54,2.030512027935851,2.0373210581659507,2.0308718986761565,2.036940623383342
2024-06-14 02:30:45,2.093012027935851,2.0373210581659507,2.0308718986761565,2.036940623383342
2024-06-14 03:00:54,2.093012027935851,2.0373210581659507,2.0933718986761565,2.099440623383342
2024-06-14 03:30:54,2.093012027935851,2.0998210581659507,2.0933718986761565,2.099440623383342
2024-06-14 04:00:54,2.155512027935851,2.1623210581659507,2.1558718986761565,2.161940623383342
2024-06-14 04:31:06,2.155512027935851,2.1623210581659507,2.1558718986761565,2.161940623383342
2024-06-14 05:00:53,2.155512027935851,2.1623210581659507,2.1558718986761565,2.161940623383342
2024-06-14 05:30:54,2.155512027935851,2.1623210581659507,2.1558718986761565,2.161940623383342
2024-06-14 06:00:55,2.155512027935851,2.1623210581659507,2.1558718986761565,2.161940623383342
2024-06-14 06:30:44,2.155512027935851,2.1623210581659507,2.1558718986761565,2.161940623383342
2024-06-14 07:00:54,2.218012027935851,2.1623210581659507,2.1558718986761565,2.161940623383342
2024-06-14 07:31:29,2.218012027935851,2.2248210581659507,2.2183718986761565,2.224440623383342
2024-06-14 08:00:54,2.280512027935851,2.2873210581659507,2.2808718986761565,2.286940623383342
2024-06-14 08:30:43,2.280512027935851,2.2873210581659507,2.2808718986761565,2.286940623383342
2024-06-14 09:00:54,2.343012027935851,2.2873210581659507,2.2808718986761565,2.286940623383342
2024-06-14 09:30:54,2.343012027935851,2.2873210581659507,2.2808718986761565,2.286940623383342
2024-06-14 10:00:55,2.343012027935851,2.2873210581659507,2.2808718986761565,2.286940623383342
2024-06-14 10:31:15,2.405512027935851,2.3498210581659507,2.3433718986761565,2.349440623383342
2024-06-14 11:00:54,2.405512027935851,2.3498210581659507,2.3433718986761565,2.349440623383342
2024-06-14 11:30:55,2.405512027935851,2.3498210581659507,2.3433718986761565,2.349440623383342
2024-06-14 12:00:55,2.405512027935851,2.3498210581659507,2.3433718986761565,2.349440623383342
2024-06-14 12:30:45,2.405512027935851,2.4123210581659507,2.4058718986761565,2.411940623383342
2024-06-14 13:00:56,2.405512027935851,2.4123210581659507,2.4058718986761565,2.411940623383342
2024-06-14 13:31:24,2.343012027935851,2.2873210581659507,2.2808718986761565,2.349440623383342
2024-06-14 14:00:54,2.343012027935851,2.3498210581659507,2.3433718986761565,2.349440623383342
2024-06-14 14:30:44,2.405512027935851,2.3498210581659507,2.3433718986761565,2.349440623383342
2024-06-14 15:00:56,2.405512027935851,2.3498210581659507,2.3433718986761565,2.349440623383342
2024-06-14 15:30:55,2.468012027935851,2.4123210581659507,2.4058718986761565,2.411940623383342
2024-06-14 16:00:56,2.468012027935851,2.4123210581659507,2.4683718986761565,2.474440623383342
2024-06-14 16:31:15,2.468012027935851,2.4748210581659507,2.4683718986761565,2.474440623383342
2024-06-14 17:00:54,2.530512027935851,2.4748210581659507,2.5308718986761565,2.474440623383342
2024-06-14 17:30:55,2.530512027935851,2.4748210581659507,2.4683718986761565,2.474440623383342
2024-06-14 18:00:55,2.468012027935851,2.4123210581659507,2.4058718986761565,2.411940623383342
2024-06-14 18:30:44,2.343012027935851,2.2873210581659507,2.2808718986761565,2.286940623383342
2024-06-14 19:00:56,2.218012027935851,2.1623210581659507,2.2183718986761565,2.224440623383342
2024-06-14 19:31:30,2.218012027935851,2.1623210581659507,2.2183718986761565,2.224440623383342
2024-06-14 20:00:55,2.280512027935851,2.2248210581659507,2.2183718986761565,2.286940623383342
2024-06-14 20:30:45,2.343012027935851,2.2873210581659507,2.2808718986761565,2.286940623383342
2024-06-14 21:00:55,2.343012027935851,2.2873210581659507,2.3433718986761565,2.349440623383342
2024-06-14 21:30:55,2.343012027935851,2.3498210581659507,2.3433718986761565,2.349440623383342
2024-06-14 22:00:55,2.405512027935851,2.4123210581659507,2.4058718986761565,2.411940623383342
2024-06-14 22:33:40,2.468012027935851,2.4748210581659507,2.4683718986761565,2.474440623383342
2024-06-14 23:00:53,2.468012027935851,2.4123210581659507,2.4683718986761565,2.474440623383342
2024-06-14 23:30:56,2.405512027935851,2.4123210581659507,2.4058718986761565,2.411940623383342
2024-06-15 00:00:56,2.405512027935851,2.4123210581659507,2.4058718986761565,2.411940623383342
2024-06-15 00:30:44,2.405512027935851,2.4123210581659507,2.4058718986761565,2.411940623383342
2024-06-15 01:00:56,2.468012027935851,2.4123210581659507,2.4683718986761565,2.474440623383342
2024-06-15 01:31:34,2.468012027935851,2.4748210581659507,2.4683718986761565,2.474440623383342
2024-06-15 02:00:54,2.468012027935851,2.4748210581659507,2.4683718986761565,2.474440623383342
2024-06-15 02:30:45,2.468012027935851,2.4748210581659507,2.4683718986761565,2.474440623383342
2024-06-15 03:00:56,2.468012027935851,2.4748210581659507,2.4683718986761565,2.474440623383342
2024-06-15 03:30:57,2.468012027935851,2.4748210581659507,2.4683718986761565,2.474440623383342
2024-06-15 04:00:56,2.468012027935851,2.4123210581659507,2.4683718986761565,2.474440623383342
2024-06-15 04:31:07,2.343012027935851,2.3498210581659507,2.4058718986761565,2.349440623383342
2024-06-15 05:00:55,2.343012027935851,2.2873210581659507,2.3433718986761565,2.349440623383342
2024-06-15 05:30:56,2.218012027935851,2.2248210581659507,2.2183718986761565,2.224440623383342
2024-06-15 06:00:56,2.155512027935851,2.1623210581659507,2.1558718986761565,2.161940623383342
2024-06-15 06:30:44,2.218012027935851,2.2248210581659507,2.2183718986761565,2.224440623383342
2024-06-15 07:00:56,2.280512027935851,2.2873210581659507,2.2808718986761565,2.286940623383342
2024-06-15 07:31:27,2.343012027935851,2.3498210581659507,2.3433718986761565,2.349440623383342
2024-06-15 08:00:54,2.405512027935851,2.4123210581659507,2.4058718986761565,2.411940623383342
2024-06-15 08:30:44,2.405512027935851,2.4123210581659507,2.4683718986761565,2.474440623383342
2024-06-15 09:00:56,2.468012027935851,2.4748210581659507,2.4683718986761565,2.474440623383342
2024-06-15 09:30:56,2.530512027935851,2.5373210581659507,2.5933718986761565,2.599440623383342
2024-06-15 10:00:56,2.593012027935851,2.6623210581659507,2.6558718986761565,2.661940623383342
2024-06-15 10:31:12,2.655512027935851,2.6623210581659507,2.7183718986761565,2.724440623383342
2024-06-15 11:00:54,2.780512027935851,2.7873210581659507,2.7808718986761565,2.786940623383342
2024-06-15 11:30:56,2.718012027935851,2.7248210581659507,2.7808718986761565,2.974440623383342
2024-06-15 12:00:55,2.655512027935851,2.6623210581659507,2.8433718986761565,2.974440623383342
2024-06-15 12:30:47,2.718012027935851,2.8498210581659507,2.9683718986761565,3.036940623383342
2024-06-15 13:00:55,2.843012027935851,2.7873210581659507,3.0308718986761565,3.036940623383342
2024-06-15 13:31:29,2.718012027935851,2.7248210581659507,2.9683718986761565,2.974440623383342
2024-06-15 14:00:55,2.718012027935851,2.9748210581659507,3.0308718986761565,3.224440623383342
2024-06-15 14:30:45,2.780512027935851,2.9123210581659507,3.1558718986761565,3.224440623383342
2024-06-15 15:00:55,2.718012027935851,2.7873210581659507,3.0933718986761565,3.286940623383342
2024-06-15 15:30:55,2.655512027935851,2.7873210581659507,3.1558718986761565,3.286940623383342
2024-06-15 16:00:55,2.780512027935851,2.7873210581659507,3.1558718986761565,3.224440623383342
2024-06-15 16:31:07,2.655512027935851,2.7248210581659507,3.2808718986761565,3.349440623383342
2024-06-15 17:00:54,2.780512027935851,2.7873210581659507,3.0933718986761565,3.349440623383342
2024-06-15 17:30:55,2.843012027935851,2.8498210581659507,2.9683718986761565,3.224440623383342
2024-06-15 18:00:55,2.968012027935851,3.0998210581659507,3.0933718986761565,3.099440623383342
2024-06-15 18:30:44,3.155512027935851,3.1623210581659507,3.1558718986761565,3.161940623383342
2024-06-15 19:00:55,3.093012027935851,3.0998210581659507,3.1558718986761565,3.099440623383342
2024-06-15 19:31:24,3.093012027935851,3.0998210581659507,3.0933718986761565,3.099440623383342
2024-06-15 20:00:54,3.030512027935851,3.0373210581659507,3.0308718986761565,3.036940623383342
2024-06-15 20:30:44,2.968012027935851,2.9748210581659507,2.9683718986761565,2.974440623383342
2024-06-15 21:00:54,2.968012027935851,2.9748210581659507,2.9683718986761565,2.974440623383342
2024-06-15 21:30:54,2.968012027935851,2.9748210581659507,2.9683718986761565,2.974440623383342
2024-06-15 22:00:53,2.905512027935851,2.9123210581659507,2.9058718986761565,2.911940623383342
2024-06-15 22:31:09,2.843012027935851,2.8498210581659507,2.8433718986761565,2.849440623383342
2024-06-15 23:00:53,2.843012027935851,2.7873210581659507,2.8433718986761565,2.849440623383342
2024-06-15 23:30:54,2.780512027935851,2.7248210581659507,2.7808718986761565,2.786940623383342
2024-06-16 00:00:54,2.780512027935851,2.7248210581659507,2.7808718986761565,2.724440623383342
2024-06-16 00:30:44,2.718012027935851,2.6623210581659507,2.7183718986761565,2.724440623383342
2024-06-16 01:00:54,2.655512027935851,2.6623210581659507,2.6558718986761565,2.661940623383342
2024-06-16 01:31:26,2.655512027935851,2.6623210581659507,2.6558718986761565,2.661940623383342
2024-06-16 02:00:53,2.655512027935851,2.6623210581659507,2.6558718986761565,2.661940623383342
2024-06-16 02:30:44,2.718012027935851,2.7248210581659507,2.7183718986761565,2.724440623383342
2024-06-16 03:00:54,2.780512027935851,2.7873210581659507,2.7808718986761565,2.786940623383342
2024-06-16 03:30:55,2.843012027935851,2.8498210581659507,2.8433718986761565,2.849440623383342
2024-06-16 04:00:53,2.843012027935851,2.8498210581659507,2.8433718986761565,2.849440623383342
2024-06-16 04:31:06,2.843012027935851,2.8498210581659507,2.8433718986761565,2.849440623383342
2024-06-16 05:00:53,3.030512027935851,3.0373210581659507,3.0933718986761565,3.099440623383342
2024-06-16 05:30:54,3.030512027935851,3.0373210581659507,3.0308718986761565,3.036940623383342
2024-06-16 06:00:55,2.905512027935851,2.9748210581659507,3.0308718986761565,3.036940623383342
2024-06-16 06:30:40,2.905512027935851,2.9748210581659507,3.0308718986761565,3.036940623383342
2024-06-16 07:00:55,2.905512027935851,2.9123210581659507,2.9683718986761565,2.974440623383342
2024-06-16 07:31:31,2.905512027935851,2.9748210581659507,3.0308718986761565,3.099440623383342
2024-06-16 08:00:53,2.968012027935851,2.9748210581659507,3.0933718986761565,3.099440623383342
2024-06-16 08:30:43,3.030512027935851,3.0998210581659507,3.0933718986761565,3.161940623383342
2024-06-16 09:00:54,3.030512027935851,3.0998210581659507,3.1558718986761565,3.161940623383342
2024-06-16 09:30:54,3.030512027935851,3.0373210581659507,3.0933718986761565,3.099440623383342
2024-06-16 10:00:54,3.030512027935851,3.0998210581659507,3.1558718986761565,3.161940623383342
2024-06-16 10:31:07,3.030512027935851,3.0998210581659507,3.0933718986761565,3.099440623383342
2024-06-16 11:00:53,3.030512027935851,3.0373210581659507,3.1558718986761565,3.161940623383342
2024-06-16 11:30:57,3.030512027935851,3.0998210581659507,3.1558718986761565,3.161940623383342
2024-06-16 12:00:54,3.030512027935851,3.0998210581659507,3.1558718986761565,3.161940623383342
2024-06-16 12:30:45,3.030512027935851,3.0998210581659507,3.1558718986761565,3.161940623383342
2024-06-16 13:00:55,3.155512027935851,3.1623210581659507,3.2183718986761565,3.224440623383342
2024-06-16 13:32:11,3.030512027935851,3.0998210581659507,3.2183718986761565,3.224440623383342
2024-06-16 14:00:55,3.030512027935851,3.0998210581659507,3.2183718986761565,3.224440623383342
2024-06-16 14:30:44,2.968012027935851,3.0998210581659507,3.2183718986761565,3.224440623383342
2024-06-16 15:00:55,2.968012027935851,3.0373210581659507,3.1558718986761565,3.161940623383342
2024-06-16 15:30:55,2.968012027935851,2.9748210581659507,3.0308718986761565,3.036940623383342
2024-06-16 16:00:55,2.843012027935851,2.9123210581659507,2.9683718986761565,2.974440623383342
2024-06-16 16:31:12,2.843012027935851,2.8498210581659507,2.9058718986761565,2.911940623383342
2024-06-16 17:00:56,2.780512027935851,2.7873210581659507,2.8433718986761565,2.849440623383342
2024-06-16 17:30:55,2.780512027935851,2.8498210581659507,2.9683718986761565,3.036940623383342
2024-06-16 18:00:55,2.780512027935851,2.9123210581659507,2.9683718986761565,3.036940623383342
2024-06-16 18:30:46,2.780512027935851,2.8498210581659507,2.9058718986761565,2.974440623383342
2024-06-16 19:00:56,2.780512027935851,2.7873210581659507,2.8433718986761565,2.974440623383342
2024-06-16 19:31:27,2.780512027935851,2.7248210581659507,2.7808718986761565,2.974440623383342
2024-06-16 20:00:54,2.718012027935851,2.7873210581659507,2.7808718986761565,3.099440623383342
2024-06-16 20:30:45,2.780512027935851,2.7873210581659507,2.8433718986761565,3.161940623383342
2024-06-16 21:00:55,2.968012027935851,3.0998210581659507,3.1558718986761565,3.161940623383342
2024-06-16 21:30:55,2.905512027935851,2.9123210581659507,2.9683718986761565,3.411940623383342
2024-06-16 22:00:56,2.655512027935851,2.7248210581659507,3.0308718986761565,3.349440623383342
2024-06-16 22:31:06,2.655512027935851,2.8498210581659507,3.2183718986761565,3.349440623383342
2024-06-16 23:00:54,2.655512027935851,2.9748210581659507,3.2183718986761565,3.349440623383342
2024-06-16 23:30:55,2.718012027935851,3.0373210581659507,3.2808718986761565,3.411940623383342
2024-06-17 00:00:55,2.905512027935851,3.2248210581659507,3.4058718986761565,3.474440623383342
2024-06-17 00:30:44,3.030512027935851,3.2248210581659507,3.4058718986761565,3.411940623383342
2024-06-17 01:00:56,2.843012027935851,3.2248210581659507,3.3433718986761565,3.474440623383342
2024-06-17 01:31:29,2.843012027935851,3.2248210581659507,3.4058718986761565,3.474440623383342
2024-06-17 02:00:55,3.093012027935851,3.2873210581659507,3.4058718986761565,3.474440623383342
2024-06-17 02:30:45,2.905512027935851,3.2873210581659507,3.4058718986761565,3.411940623383342
2024-06-17 03:00:56,2.780512027935851,3.2248210581659507,3.3433718986761565,3.349440623383342
2024-06-17 03:30:56,2.905512027935851,3.2248210581659507,3.3433718986761565,3.349440623383342
2024-06-17 04:00:56,2.843012027935851,3.1623210581659507,3.2183718986761565,3.349440623383342
2024-06-17 04:31:06,2.593012027935851,3.0998210581659507,3.3433718986761565,3.474440623383342
2024-06-17 05:00:55,2.718012027935851,3.0998210581659507,3.2808718986761565,3.474440623383342
2024-06-17 05:30:57,2.718012027935851,3.1623210581659507,3.2808718986761565,3.536940623383342
2024-06-17 06:00:57,3.030512027935851,3.1623210581659507,3.2808718986761565,3.474440623383342
2024-06-17 06:30:44,2.780512027935851,3.1623210581659507,3.3433718986761565,3.536940623383342
2024-06-17 07:00:55,2.655512027935851,3.0998210581659507,3.2808718986761565,3.536940623383342
2024-06-17 07:31:24,2.718012027935851,3.0998210581659507,3.3433718986761565,3.661940623383342
2024-06-17 08:00:55,2.718012027935851,3.1623210581659507,3.4058718986761565,3.661940623383342
2024-06-17 08:30:46,2.843012027935851,3.2873210581659507,3.4683718986761565,3.849440623383342
2024-06-17 09:00:55,3.093012027935851,3.4123210581659507,3.7183718986761565,4.849440623383342
2024-06-17 09:30:55,2.843012027935851,3.4123210581659507,3.5933718986761565,4.036940623383342
2024-06-17 10:00:55,3.218012027935851,3.4748210581659507,3.6558718986761565,4.349440623383342
2024-06-17 10:31:10,2.905512027935851,3.4123210581659507,3.5308718986761565,4.411940623383342
2024-06-17 11:00:55,3.093012027935851,3.4123210581659507,3.4683718986761565,4.349440623383342
2024-06-17 11:30:56,3.280512027935851,3.4123210581659507,3.7808718986761565,4.349440623383342
2024-06-17 12:00:55,3.218012027935851,3.5373210581659507,3.9058718986761565,4.474440623383342
2024-06-17 12:30:44,3.343012027935851,3.7248210581659507,4.968371898676157,4.974440623383342
2024-06-17 13:00:56,3.218012027935851,3.5373210581659507,5.093371898676157,5.161940623383342
2024-06-17 13:31:29,3.155512027935851,3.7873210581659507,5.155871898676157,5.161940623383342
2024-06-17 14:00:55,3.155512027935851,5.037321058165951,5.218371898676157,5.224440623383342
2024-06-17 14:30:44,3.218012027935851,5.162321058165951,5.218371898676157,5.224440623383342
2024-06-17 15:00:55,4.718012027935851,5.224821058165951,5.280871898676157,5.286940623383342
2024-06-17 15:30:55,4.655512027935851,5.162321058165951,5.218371898676157,5.224440623383342
2024-06-17 16:00:55,4.530512027935851,5.099821058165951,5.155871898676157,5.161940623383342
2024-06-17 16:31:35,3.530512027935851,5.349821058165951,5.405871898676157,5.411940623383342
2024-06-17 17:00:54,3.343012027935851,5.349821058165951,5.405871898676157,5.411940623383342
2024-06-17 17:30:54,3.655512027935851,5.162321058165951,5.218371898676157,5.224440623383342
2024-06-17 18:00:54,3.468012027935851,4.787321058165951,4.905871898676157,4.911940623383342
2024-06-17 18:30:43,3.280512027935851,4.787321058165951,4.905871898676157,4.911940623383342
2024-06-17 19:00:54,3.030512027935851,3.5998210581659507,4.655871898676157,4.724440623383342
2024-06-17 19:31:30,3.030512027935851,3.6623210581659507,4.593371898676157,4.661940623383342
2024-06-17 20:00:53,3.030512027935851,3.4748210581659507,4.530871898676157,4.599440623383342
2024-06-17 20:30:45,3.155512027935851,4.099821058165951,4.405871898676157,4.411940623383342
2024-06-17 21:00:54,3.093012027935851,3.6623210581659507,4.218371898676157,4.286940623383342
2024-06-17 21:30:54,3.343012027935851,3.6623210581659507,3.9058718986761565,3.974440623383342
2024-06-17 22:00:54,3.780512027935851,3.8498210581659507,3.8433718986761565,3.849440623383342
2024-06-17 22:31:06,3.843012027935851,3.9748210581659507,4.468371898676157,4.974440623383342
2024-06-17 23:00:53,4.030512027935851,4.537321058165951,5.093371898676157,5.474440623383342
2024-06-17 23:30:54,4.468012027935851,4.787321058165951,4.905871898676157,5.349440623383342
2024-06-18 00:00:56,4.405512027935851,4.787321058165951,4.530871898676157,5.349440623383342
2024-06-18 00:30:45,4.530512027935851,4.287321058165951,4.780871898676157,5.349440623383342
2024-06-18 01:00:55,4.593012027935851,4.349821058165951,4.968371898676157,5.411940623383342
2024-06-18 01:31:27,4.343012027935851,4.224821058165951,5.030871898676157,5.411940623383342
2024-06-18 02:00:53,4.093012027935851,4.287321058165951,4.968371898676157,5.349440623383342
2024-06-18 02:30:43,3.968012027935851,4.224821058165951,5.030871898676157,5.411940623383342
2024-06-18 03:00:55,4.218012027935851,4.287321058165951,5.093371898676157,5.411940623383342
2024-06-18 03:30:55,3.968012027935851,4.224821058165951,4.843371898676157,5.411940623383342
2024-06-18 04:00:55,4.218012027935851,4.662321058165951,5.030871898676157,5.349440623383342
2024-06-18 04:31:35,4.405512027935851,4.787321058165951,5.218371898676157,5.286940623383342
2024-06-18 05:00:54,4.155512027935851,4.787321058165951,5.155871898676157,5.224440623383342
2024-06-18 05:30:56,4.405512027935851,4.787321058165951,5.155871898676157,5.224440623383342
2024-06-18 06:00:56,3.780512027935851,4.662321058165951,5.093371898676157,5.224440623383342
2024-06-18 06:30:44,3.780512027935851,4.724821058165951,5.093371898676157,5.161940623383342
2024-06-18 07:00:56,3.718012027935851,4.912321058165951,5.155871898676157,5.224440623383342
2024-06-18 07:31:45,4.218012027935851,4.912321058165951,5.093371898676157,5.161940623383342
2024-06-18 08:00:55,4.655512027935851,4.974821058165951,5.093371898676157,5.161940623383342
2024-06-18 08:30:44,4.718012027935851,5.099821058165951,5.218371898676157,5.224440623383342
2024-06-18 09:00:56,4.405512027935851,4.787321058165951,5.093371898676157,5.161940623383342
2024-06-18 09:30:56,4.780512027935851,5.037321058165951,5.218371898676157,5.224440623383342
2024-06-18 10:00:56,4.655512027935851,4.974821058165951,5.155871898676157,5.161940623383342
2024-06-18 10:31:14,4.530512027935851,4.724821058165951,5.030871898676157,5.099440623383342
2024-06-18 11:00:54,4.905512027935851,5.162321058165951,5.280871898676157,5.349440623383342
2024-06-18 11:30:56,5.155512027935851,5.349821058165951,5.405871898676157,5.411940623383342
2024-06-18 12:00:56,4.718012027935851,4.912321058165951,5.030871898676157,5.036940623383342
2024-06-18 12:30:44,4.468012027935851,4.599821058165951,4.655871898676157,4.661940623383342
2024-06-18 13:00:56,4.218012027935851,4.349821058165951,4.405871898676157,4.411940623383342
2024-06-18 13:31:24,4.155512027935851,4.162321058165951,4.218371898676157,4.224440623383342
2024-06-18 14:00:54,3.968012027935851,4.037321058165951,4.093371898676157,4.099440623383342
2024-06-18 14:30:44,3.843012027935851,3.8498210581659507,3.9058718986761565,3.911940623383342
2024-06-18 15:00:56,3.843012027935851,3.8498210581659507,3.8433718986761565,3.849440623383342
2024-06-18 15:30:56,3.530512027935851,3.5373210581659507,3.5933718986761565,3.599440623383342
2024-06-18 16:00:56,3.468012027935851,3.4748210581659507,3.5308718986761565,3.536940623383342
2024-06-18 16:33:50,3.343012027935851,3.3498210581659507,3.3433718986761565,3.349440623383342
2024-06-18 17:00:53,3.343012027935851,3.2873210581659507,3.3433718986761565,3.349440623383342
2024-06-18 17:30:56,3.218012027935851,3.1623210581659507,3.2183718986761565,3.224440623383342
2024-06-18 18:00:56,3.218012027935851,3.1623210581659507,3.2183718986761565,3.224440623383342
2024-06-18 18:30:44,3.093012027935851,3.0373210581659507,3.0933718986761565,3.099440623383342
2024-06-18 19:00:56,3.030512027935851,3.0373210581659507,3.0308718986761565,3.036940623383342
2024-06-18 19:31:28,2.968012027935851,2.9748210581659507,2.9683718986761565,2.974440623383342
2024-06-18 20:00:54,2.968012027935851,2.9748210581659507,2.9683718986761565,2.974440623383342
2024-06-18 20:30:44,2.968012027935851,2.9748210581659507,2.9683718986761565,2.974440623383342
2024-06-18 21:00:56,2.905512027935851,2.9123210581659507,2.9058718986761565,2.911940623383342
2024-06-18 21:30:56,2.905512027935851,2.8498210581659507,2.9058718986761565,2.849440623383342
2024-06-18 22:00:56,2.843012027935851,2.7873210581659507,2.8433718986761565,2.786940623383342
2024-06-18 22:31:07,2.718012027935851,2.7248210581659507,2.7183718986761565,2.724440623383342
2024-06-18 23:00:55,2.718012027935851,2.7248210581659507,2.7183718986761565,2.724440623383342
2024-06-18 23:30:56,2.655512027935851,2.6623210581659507,2.6558718986761565,2.661940623383342
2024-06-19 00:00:56,2.718012027935851,2.6623210581659507,2.7183718986761565,2.661940623383342
2024-06-19 00:30:44,2.655512027935851,2.6623210581659507,2.6558718986761565,2.661940623383342
2024-06-19 01:00:56,2.655512027935851,2.6623210581659507,2.6558718986761565,2.661940623383342
2024-06-19 01:31:31,2.655512027935851,2.6623210581659507,2.6558718986761565,2.661940623383342
2024-06-19 02:00:55,2.655512027935851,2.5998210581659507,2.6558718986761565,2.661940623383342
2024-06-19 02:30:44,2.593012027935851,2.5998210581659507,2.5933718986761565,2.599440623383342
2024-06-19 03:00:56,2.530512027935851,2.5373210581659507,2.5308718986761565,2.536940623383342
2024-06-19 03:30:56,2.218012027935851,2.2248210581659507,2.2183718986761565,2.224440623383342
2024-06-19 04:00:56,2.468012027935851,2.4748210581659507,2.4683718986761565,2.474440623383342
2024-06-19 04:31:15,2.468012027935851,2.4123210581659507,2.4683718986761565,2.474440623383342
2024-06-19 05:00:54,2.405512027935851,2.3498210581659507,2.4058718986761565,2.349440623383342
2024-06-19 05:30:56,2.155512027935851,2.1623210581659507,2.1558718986761565,2.224440623383342
2024-06-19 06:00:56,2.030512027935851,1.9748210581659507,2.0308718986761565,2.036940623383342
2024-06-19 06:30:44,1.780512027935851,1.7248210581659507,1.7808718986761565,1.786940623383342
2024-06-19 07:00:56,1.593012027935851,1.5998210581659507,1.5933718986761565,1.599440623383342
2024-06-19 07:31:26,1.530512027935851,1.4748210581659507,1.4683718986761565,1.536940623383342
2024-06-19 08:00:54,1.593012027935851,1.5998210581659507,1.5933718986761565,1.599440623383342
2024-06-19 08:30:44,1.468012027935851,1.4748210581659507,1.4683718986761565,1.474440623383342
2024-06-19 09:00:56,1.405512027935851,1.3498210581659507,1.4058718986761565,1.411940623383342
2024-06-19 09:30:56,1.343012027935851,1.3498210581659507,1.3433718986761565,1.349440623383342
2024-06-19 10:00:56,1.468012027935851,1.4123210581659507,1.4683718986761565,1.474440623383342
2024-06-19 10:31:08,1.468012027935851,1.4123210581659507,1.4683718986761565,1.474440623383342
2024-06-19 11:00:55,1.468012027935851,1.4748210581659507,1.4683718986761565,1.474440623383342
2024-06-19 11:30:55,1.468012027935851,1.4748210581659507,1.4683718986761565,1.474440623383342
2024-06-19 12:00:56,1.468012027935851,1.4748210581659507,1.4683718986761565,1.474440623383342
2024-06-19 12:30:45,1.593012027935851,1.5998210581659507,1.5933718986761565,1.599440623383342
2024-06-19 13:00:55,1.655512027935851,1.6623210581659507,1.6558718986761565,1.661940623383342
2024-06-19 13:31:52,1.655512027935851,1.6623210581659507,1.6558718986761565,1.661940623383342
2024-06-19 14:00:55,1.655512027935851,1.6623210581659507,1.6558718986761565,1.661940623383342
2024-06-19 14:30:45,1.780512027935851,1.7248210581659507,1.7808718986761565,1.786940623383342
2024-06-19 15:00:55,1.780512027935851,1.7248210581659507,1.7183718986761565,1.724440623383342
2024-06-19 15:30:56,1.593012027935851,1.5373210581659507,1.5308718986761565,1.536940623383342
2024-06-19 16:00:55,1.343012027935851,1.3498210581659507,1.3433718986761565,1.349440623383342
2024-06-19 16:31:12,1.468012027935851,1.4748210581659507,1.4683718986761565,1.474440623383342
2024-06-19 17:00:54,1.468012027935851,1.4748210581659507,1.4683718986761565,1.474440623383342
2024-06-19 17:30:55,1.468012027935851,1.4748210581659507,1.4683718986761565,1.474440623383342
2024-06-19 18:00:55,1.468012027935851,1.4748210581659507,1.4683718986761565,1.474440623383342
2024-06-19 18:30:44,1.468012027935851,1.4123210581659507,1.4683718986761565,1.474440623383342
2024-06-19 19:00:56,1.593012027935851,1.5373210581659507,1.5933718986761565,1.599440623383342
2024-06-19 19:31:32,1.655512027935851,1.5998210581659507,1.6558718986761565,1.661940623383342
2024-06-19 20:00:53,1.655512027935851,1.5998210581659507,1.5933718986761565,1.661940623383342
2024-06-19 20:30:45,1.655512027935851,1.6623210581659507,1.6558718986761565,1.661940623383342
2024-06-19 21:00:54,1.718012027935851,1.6623210581659507,1.7183718986761565,1.724440623383342
2024-06-19 21:30:54,1.718012027935851,1.7248210581659507,1.7183718986761565,1.724440623383342
2024-06-19 22:00:55,1.718012027935851,1.7248210581659507,1.7183718986761565,1.724440623383342
2024-06-19 22:31:13,1.780512027935851,1.7873210581659507,1.7808718986761565,1.786940623383342
2024-06-19 23:00:54,1.843012027935851,1.7873210581659507,1.8433718986761565,1.849440623383342
2024-06-19 23:30:55,1.843012027935851,1.8498210581659507,1.8433718986761565,1.849440623383342
2024-06-20 00:00:55,1.843012027935851,1.8498210581659507,1.8433718986761565,1.849440623383342
2024-06-20 00:30:44,1.905512027935851,1.9123210581659507,1.9058718986761565,1.911940623383342
2024-06-20 01:00:53,1.905512027935851,1.9123210581659507,1.9058718986761565,1.911940623383342
2024-06-20 01:31:33,1.968012027935851,1.9748210581659507,1.9683718986761565,1.974440623383342
2024-06-20 02:00:55,2.030512027935851,1.9748210581659507,2.0308718986761565,2.036940623383342
2024-06-20 02:30:44,1.968012027935851,1.9748210581659507,1.9683718986761565,1.974440623383342
2024-06-20 03:00:56,2.030512027935851,1.9748210581659507,2.0308718986761565,2.036940623383342
2024-06-20 03:30:56,2.030512027935851,2.0373210581659507,2.0308718986761565,2.036940623383342
2024-06-20 04:00:55,2.155512027935851,2.0998210581659507,2.1558718986761565,2.161940623383342
2024-06-20 04:31:07,2.155512027935851,2.0998210581659507,2.1558718986761565,2.161940623383342
2024-06-20 05:00:53,2.093012027935851,2.0373210581659507,2.0933718986761565,2.036940623383342
2024-06-20 05:30:55,2.093012027935851,2.0373210581659507,2.0933718986761565,2.099440623383342
2024-06-20 06:00:55,2.093012027935851,2.0373210581659507,2.0933718986761565,2.099440623383342
2024-06-20 06:30:42,2.155512027935851,2.1623210581659507,2.1558718986761565,2.161940623383342
2024-06-20 07:00:54,2.155512027935851,2.0998210581659507,2.1558718986761565,2.161940623383342
2024-06-20 07:31:30,2.093012027935851,2.0998210581659507,2.0933718986761565,2.099440623383342
2024-06-20 08:00:54,2.093012027935851,2.0373210581659507,2.0308718986761565,2.099440623383342
2024-06-20 08:30:44,2.093012027935851,2.0998210581659507,2.1558718986761565,2.161940623383342
2024-06-20 09:00:54,2.155512027935851,2.1623210581659507,2.1558718986761565,2.161940623383342
2024-06-20 09:30:54,2.218012027935851,2.2248210581659507,2.2183718986761565,2.224440623383342
2024-06-20 10:00:54,2.155512027935851,2.1623210581659507,2.1558718986761565,2.161940623383342
2024-06-20 10:31:15,2.155512027935851,2.0998210581659507,2.1558718986761565,2.161940623383342
2024-06-20 11:00:53,2.155512027935851,2.1623210581659507,2.1558718986761565,2.161940623383342
2024-06-20 11:30:54,2.218012027935851,2.2248210581659507,2.2183718986761565,2.224440623383342
2024-06-20 12:00:54,2.280512027935851,2.2873210581659507,2.2808718986761565,2.286940623383342
2024-06-20 12:30:43,2.405512027935851,2.3498210581659507,2.4058718986761565,2.411940623383342
2024-06-20 13:00:53,2.405512027935851,2.3498210581659507,2.4058718986761565,2.411940623383342
2024-06-20 13:31:29,2.343012027935851,2.3498210581659507,2.3433718986761565,2.349440623383342
2024-06-20 14:00:54,2.280512027935851,2.2873210581659507,2.3433718986761565,2.349440623383342
2024-06-20 14:30:43,2.343012027935851,2.3498210581659507,2.3433718986761565,2.349440623383342
2024-06-20 15:00:54,2.343012027935851,2.3498210581659507,2.3433718986761565,2.349440623383342
2024-06-20 15:30:54,2.280512027935851,2.2873210581659507,2.3433718986761565,2.286940623383342
2024-06-20 16:00:53,2.280512027935851,2.2873210581659507,2.2808718986761565,2.286940623383342
2024-06-20 16:31:14,2.280512027935851,2.2873210581659507,2.2808718986761565,2.286940623383342
2024-06-20 17:00:53,2.280512027935851,2.2873210581659507,2.2808718986761565,2.286940623383342
2024-06-20 17:30:54,2.280512027935851,2.2873210581659507,2.2808718986761565,2.286940623383342
2024-06-20 18:00:54,2.343012027935851,2.3498210581659507,2.3433718986761565,2.349440623383342
2024-06-20 18:30:44,2.343012027935851,2.3498210581659507,2.3433718986761565,2.349440623383342
2024-06-20 19:00:55,2.280512027935851,2.2873210581659507,2.2808718986761565,2.286940623383342
2024-06-20 19:31:30,2.280512027935851,2.2873210581659507,2.2808718986761565,2.286940623383342
2024-06-20 20:00:53,2.280512027935851,2.2873210581659507,2.2808718986761565,2.286940623383342
2024-06-20 20:30:44,2.343012027935851,2.2873210581659507,2.3433718986761565,2.349440623383342
2024-06-20 21:00:54,2.343012027935851,2.3498210581659507,2.3433718986761565,2.349440623383342
2024-06-20 21:30:54,2.405512027935851,2.4123210581659507,2.4058718986761565,2.411940623383342
2024-06-20 22:00:56,2.405512027935851,2.4123210581659507,2.4683718986761565,2.474440623383342
2024-06-20 22:31:07,2.468012027935851,2.4748210581659507,2.4683718986761565,2.474440623383342
2024-06-20 23:00:54,2.405512027935851,2.4123210581659507,2.4058718986761565,2.411940623383342
2024-06-20 23:30:55,2.343012027935851,2.3498210581659507,2.3433718986761565,2.349440623383342
2024-06-21 00:00:56,2.343012027935851,2.3498210581659507,2.3433718986761565,2.349440623383342
2024-06-21 00:30:44,2.343012027935851,2.2873210581659507,2.3433718986761565,2.349440623383342
2024-06-21 01:00:55,2.343012027935851,2.3498210581659507,2.4058718986761565,2.411940623383342
2024-06-21 01:31:23,2.468012027935851,2.4123210581659507,2.4683718986761565,2.474440623383342
2024-06-21 02:00:54,2.468012027935851,2.4123210581659507,2.4683718986761565,2.474440623383342
2024-06-21 02:30:44,2.468012027935851,2.4748210581659507,2.4683718986761565,2.474440623383342
2024-06-21 03:00:55,2.530512027935851,2.5373210581659507,2.5308718986761565,2.536940623383342
2024-06-21 03:30:55,2.530512027935851,2.5373210581659507,2.5933718986761565,2.599440623383342
2024-06-21 04:00:55,2.468012027935851,2.5998210581659507,2.6558718986761565,2.661940623383342
2024-06-21 04:31:12,2.530512027935851,2.6623210581659507,2.6558718986761565,2.661940623383342
2024-06-21 05:00:54,2.468012027935851,2.6623210581659507,2.7183718986761565,2.724440623383342
2024-06-21 05:30:55,2.655512027935851,2.7873210581659507,2.8433718986761565,2.849440623383342
2024-06-21 06:00:55,2.655512027935851,2.7873210581659507,2.8433718986761565,2.849440623383342
2024-06-21 06:30:44,2.718012027935851,2.8498210581659507,2.9058718986761565,2.911940623383342
2024-06-21 07:00:55,2.593012027935851,2.7248210581659507,2.9683718986761565,3.036940623383342
2024-06-21 07:32:49,2.593012027935851,2.8498210581659507,3.0308718986761565,3.099440623383342
2024-06-21 08:00:55,2.468012027935851,2.5998210581659507,2.9683718986761565,3.036940623383342
2024-06-21 08:30:45,2.655512027935851,2.9748210581659507,3.0933718986761565,3.161940623383342
2024-06-21 09:00:56,2.468012027935851,2.9123210581659507,3.0933718986761565,3.224440623383342
2024-06-21 09:30:56,2.655512027935851,3.0373210581659507,3.1558718986761565,3.224440623383342
2024-06-21 10:00:56,2.593012027935851,2.9748210581659507,3.1558718986761565,3.224440623383342
2024-06-21 10:31:14,2.968012027935851,3.1623210581659507,3.2808718986761565,3.286940623383342
2024-06-21 11:00:55,2.905512027935851,3.0998210581659507,3.2183718986761565,3.224440623383342
2024-06-21 11:30:56,3.030512027935851,3.0373210581659507,3.0933718986761565,3.099440623383342
2024-06-21 12:00:55,3.030512027935851,3.0373210581659507,3.0308718986761565,3.036940623383342
2024-06-21 12:30:43,3.093012027935851,3.0998210581659507,3.1558718986761565,3.161940623383342
2024-06-21 13:00:56,3.093012027935851,3.0373210581659507,3.0933718986761565,3.099440623383342
2024-06-21 13:31:25,2.905512027935851,2.9123210581659507,2.9058718986761565,2.911940623383342
2024-06-21 14:00:55,2.718012027935851,2.7248210581659507,2.7183718986761565,2.724440623383342
2024-06-21 14:30:46,2.655512027935851,2.6623210581659507,2.6558718986761565,2.661940623383342
2024-06-21 15:00:56,2.593012027935851,2.5373210581659507,2.5933718986761565,2.599440623383342
2024-06-21 15:30:56,2.468012027935851,2.4748210581659507,2.4683718986761565,2.474440623383342
2024-06-21 16:00:56,2.343012027935851,2.3498210581659507,2.3433718986761565,2.349440623383342
2024-06-21 16:33:29,2.343012027935851,2.3498210581659507,2.4058718986761565,2.349440623383342
2024-06-21 17:00:53,2.343012027935851,2.2873210581659507,2.3433718986761565,2.349440623383342
2024-06-21 17:30:56,2.343012027935851,2.2873210581659507,2.3433718986761565,2.349440623383342
2024-06-21 18:00:56,2.280512027935851,2.2248210581659507,2.2808718986761565,2.286940623383342
2024-06-21 18:30:45,2.218012027935851,2.1623210581659507,2.2183718986761565,2.224440623383342
2024-06-21 19:00:56,2.218012027935851,2.2248210581659507,2.2183718986761565,2.224440623383342
2024-06-21 19:31:25,2.218012027935851,2.2248210581659507,2.2183718986761565,2.224440623383342
2024-06-21 20:00:54,2.218012027935851,2.2248210581659507,2.2183718986761565,2.224440623383342
2024-06-21 20:30:45,2.280512027935851,2.2873210581659507,2.2808718986761565,2.286940623383342
2024-06-21 21:00:56,2.280512027935851,2.2873210581659507,2.2808718986761565,2.286940623383342
2024-06-21 21:30:57,2.343012027935851,2.3498210581659507,2.3433718986761565,2.349440623383342
2024-06-21 22:00:56,2.405512027935851,2.3498210581659507,2.4058718986761565,2.411940623383342
2024-06-21 22:31:14,2.405512027935851,2.4123210581659507,2.4058718986761565,2.411940623383342
2024-06-21 23:00:54,2.405512027935851,2.4123210581659507,2.4058718986761565,2.411940623383342
2024-06-21 23:30:56,2.405512027935851,2.4123210581659507,2.4058718986761565,2.411940623383342
2024-06-22 00:00:56,2.405512027935851,2.4123210581659507,2.4058718986761565,2.411940623383342
2024-06-22 00:30:45,2.405512027935851,2.4123210581659507,2.4058718986761565,2.411940623383342
2024-06-22 01:00:56,2.405512027935851,2.4123210581659507,2.4058718986761565,2.411940623383342
2024-06-22 01:31:27,2.405512027935851,2.3498210581659507,2.4058718986761565,2.411940623383342
2024-06-22 02:00:54,2.343012027935851,2.3498210581659507,2.4058718986761565,2.411940623383342
2024-06-22 02:30:45,2.343012027935851,2.3498210581659507,2.3433718986761565,2.349440623383342
2024-06-22 03:00:56,2.468012027935851,2.4123210581659507,2.4683718986761565,2.474440623383342
2024-06-22 03:30:56,2.530512027935851,2.5998210581659507,2.5933718986761565,2.599440623383342
2024-06-22 04:00:57,2.530512027935851,2.5998210581659507,2.7183718986761565,2.724440623383342
2024-06-22 04:31:08,2.343012027935851,2.4123210581659507,2.7183718986761565,2.786940623383342
2024-06-22 05:00:54,2.655512027935851,2.7248210581659507,2.8433718986761565,2.849440623383342
2024-06-22 05:30:56,2.593012027935851,2.7248210581659507,2.7808718986761565,2.849440623383342
2024-06-22 06:00:57,2.655512027935851,2.7248210581659507,2.7808718986761565,2.849440623383342
2024-06-22 06:30:44,2.343012027935851,2.7873210581659507,2.7808718986761565,2.911940623383342
2024-06-22 07:00:55,2.468012027935851,2.5373210581659507,2.7183718986761565,2.911940623383342
2024-06-22 07:31:30,2.405512027935851,2.7248210581659507,2.9058718986761565,3.036940623383342
2024-06-22 08:00:54,2.280512027935851,2.2873210581659507,2.4058718986761565,2.661940623383342
2024-06-22 08:30:44,2.155512027935851,2.2248210581659507,2.7808718986761565,2.849440623383342
2024-06-22 09:00:55,2.093012027935851,2.4123210581659507,2.7808718986761565,2.911940623383342
2024-06-22 09:30:57,2.093012027935851,2.5373210581659507,2.8433718986761565,2.911940623383342
2024-06-22 10:00:55,2.655512027935851,2.9748210581659507,3.1558718986761565,3.161940623383342
2024-06-22 10:31:08,2.718012027935851,2.9748210581659507,3.0308718986761565,3.099440623383342
2024-06-22 11:00:55,2.655512027935851,2.8498210581659507,3.1558718986761565,3.349440623383342
2024-06-22 11:30:55,2.718012027935851,2.8498210581659507,3.2183718986761565,3.349440623383342
2024-06-22 12:00:55,2.655512027935851,2.7873210581659507,3.2808718986761565,3.536940623383342
2024-06-22 12:30:42,2.593012027935851,2.8498210581659507,3.2808718986761565,3.661940623383342
2024-06-22 13:00:56,2.905512027935851,3.4123210581659507,3.6558718986761565,3.724440623383342
2024-06-22 13:31:29,3.030512027935851,3.4123210581659507,3.8433718986761565,3.849440623383342
2024-06-22 14:00:53,2.843012027935851,3.4748210581659507,3.7183718986761565,3.786940623383342
2024-06-22 14:30:43,2.780512027935851,3.7248210581659507,3.7808718986761565,3.786940623383342
2024-06-22 15:00:55,3.530512027935851,3.7248210581659507,3.7183718986761565,3.724440623383342
2024-06-22 15:30:53,3.655512027935851,3.7873210581659507,3.7808718986761565,3.786940623383342
2024-06-22 16:00:54,3.655512027935851,3.7248210581659507,3.7183718986761565,3.724440623383342
2024-06-22 16:31:58,3.655512027935851,3.6623210581659507,3.6558718986761565,3.661940623383342
2024-06-22 17:00:54,3.530512027935851,3.5373210581659507,3.5308718986761565,3.536940623383342
2024-06-22 17:30:54,3.468012027935851,3.4748210581659507,3.5308718986761565,3.536940623383342
2024-06-22 18:00:54,3.405512027935851,3.4123210581659507,3.4058718986761565,3.411940623383342
2024-06-22 18:30:44,3.468012027935851,3.4123210581659507,3.4683718986761565,3.474440623383342
2024-06-22 19:00:55,3.343012027935851,3.3498210581659507,3.3433718986761565,3.349440623383342
2024-06-22 19:31:44,3.218012027935851,3.2248210581659507,3.2183718986761565,3.224440623383342
2024-06-22 20:00:53,3.155512027935851,3.1623210581659507,3.1558718986761565,3.161940623383342
2024-06-22 20:30:43,3.155512027935851,3.1623210581659507,3.1558718986761565,3.161940623383342
2024-06-22 21:00:55,3.218012027935851,3.2248210581659507,3.2183718986761565,3.224440623383342
2024-06-22 21:30:55,3.218012027935851,3.2248210581659507,3.2808718986761565,3.286940623383342
2024-06-22 22:00:55,3.218012027935851,3.2248210581659507,3.2808718986761565,3.224440623383342
2024-06-22 22:31:06,3.530512027935851,3.5373210581659507,3.5308718986761565,3.536940623383342
2024-06-22 23:00:55,3.593012027935851,3.5373210581659507,3.5308718986761565,3.599440623383342
2024-06-22 23:30:55,3.530512027935851,3.5373210581659507,3.5933718986761565,3.599440623383342
2024-06-23 00:00:55,3.655512027935851,3.5998210581659507,3.6558718986761565,3.661940623383342
2024-06-23 00:30:45,3.655512027935851,3.5998210581659507,3.6558718986761565,3.661940623383342
2024-06-23 01:00:55,3.655512027935851,3.6623210581659507,3.6558718986761565,3.661940623383342
2024-06-23 01:31:23,3.718012027935851,3.6623210581659507,3.7183718986761565,3.724440623383342
2024-06-23 02:00:55,3.655512027935851,3.6623210581659507,3.6558718986761565,3.661940623383342
2024-06-23 02:30:45,3.780512027935851,3.7248210581659507,3.7808718986761565,3.786940623383342
2024-06-23 03:00:55,3.780512027935851,3.7248210581659507,3.7808718986761565,3.786940623383342
2024-06-23 03:30:55,3.780512027935851,3.7873210581659507,3.8433718986761565,3.786940623383342
2024-06-23 04:00:55,3.780512027935851,3.7873210581659507,3.7808718986761565,3.786940623383342
2024-06-23 04:31:12,3.780512027935851,3.7873210581659507,3.7808718986761565,3.786940623383342
2024-06-23 05:00:54,3.780512027935851,3.7873210581659507,3.7808718986761565,3.786940623383342
2024-06-23 05:30:55,3.780512027935851,3.7873210581659507,3.7808718986761565,3.786940623383342
2024-06-23 06:00:55,3.780512027935851,3.7873210581659507,3.7808718986761565,3.786940623383342
2024-06-23 06:30:44,3.780512027935851,3.7873210581659507,3.7808718986761565,3.786940623383342
2024-06-23 07:00:56,3.718012027935851,3.7873210581659507,3.7808718986761565,3.786940623383342
2024-06-23 07:31:24,3.780512027935851,3.7873210581659507,3.7808718986761565,3.786940623383342
2024-06-23 08:00:54,3.655512027935851,3.7873210581659507,3.7808718986761565,3.849440623383342
2024-06-23 08:30:45,3.780512027935851,3.7873210581659507,3.8433718986761565,3.849440623383342
2024-06-23 09:00:55,3.780512027935851,3.7873210581659507,3.8433718986761565,3.849440623383342
2024-06-23 09:30:56,3.780512027935851,3.8498210581659507,3.8433718986761565,3.849440623383342
2024-06-23 10:00:56,3.843012027935851,3.8498210581659507,3.9058718986761565,3.911940623383342
2024-06-23 10:31:15,3.843012027935851,3.8498210581659507,3.9058718986761565,3.911940623383342
2024-06-23 11:00:54,3.780512027935851,3.8498210581659507,3.8433718986761565,3.849440623383342
2024-06-23 11:30:56,3.780512027935851,3.8498210581659507,3.8433718986761565,3.849440623383342
2024-06-23 12:00:56,3.718012027935851,3.8498210581659507,3.9058718986761565,3.911940623383342
2024-06-23 12:30:44,3.905512027935851,3.9123210581659507,3.9058718986761565,3.911940623383342
2024-06-23 13:00:56,3.718012027935851,3.8498210581659507,4.093371898676157,4.099440623383342
2024-06-23 13:31:24,3.843012027935851,4.099821058165951,4.155871898676157,4.161940623383342
2024-06-23 14:00:55,3.468012027935851,3.8498210581659507,4.155871898676157,4.161940623383342
2024-06-23 14:30:44,3.530512027935851,3.9748210581659507,4.218371898676157,4.224440623383342
2024-06-23 15:00:56,3.155512027935851,3.5373210581659507,3.9683718986761565,4.224440623383342
2024-06-23 15:30:56,3.155512027935851,3.4123210581659507,3.5933718986761565,3.974440623383342
2024-06-23 16:00:56,3.218012027935851,3.2248210581659507,3.5308718986761565,4.224440623383342
2024-06-23 16:31:08,3.093012027935851,3.2248210581659507,3.2808718986761565,3.849440623383342
2024-06-23 17:00:55,3.093012027935851,3.2248210581659507,3.4683718986761565,4.474440623383342
2024-06-23 17:30:56,3.218012027935851,3.5373210581659507,4.030871898676157,4.474440623383342
2024-06-23 18:00:57,3.218012027935851,3.4748210581659507,4.030871898676157,4.474440623383342
2024-06-23 18:30:44,3.405512027935851,3.4748210581659507,3.5933718986761565,3.849440623383342
2024-06-23 19:00:56,3.468012027935851,3.8498210581659507,4.030871898676157,3.911940623383342
2024-06-23 19:31:27,3.343012027935851,3.5373210581659507,4.093371898676157,4.474440623383342
2024-06-23 20:00:55,3.218012027935851,3.2873210581659507,3.4058718986761565,3.849440623383342
2024-06-23 20:30:44,3.155512027935851,3.2873210581659507,3.4058718986761565,3.661940623383342
2024-06-23 21:00:56,3.155512027935851,3.2248210581659507,3.3433718986761565,3.661940623383342
2024-06-23 21:30:56,3.218012027935851,3.4748210581659507,3.5308718986761565,3.724440623383342
2024-06-23 22:00:56,3.280512027935851,3.4748210581659507,3.5933718986761565,3.661940623383342
2024-06-23 22:31:08,3.218012027935851,3.3498210581659507,3.4683718986761565,3.849440623383342
2024-06-23 23:00:55,3.530512027935851,3.5373210581659507,3.5933718986761565,3.599440623383342
2024-06-23 23:30:56,3.405512027935851,3.4123210581659507,3.4683718986761565,3.599440623383342
2024-06-24 00:00:56,3.343012027935851,3.3498210581659507,3.4058718986761565,3.599440623383342
2024-06-24 00:30:44,3.155512027935851,3.2873210581659507,3.5308718986761565,3.661940623383342
2024-06-24 01:00:55,3.218012027935851,3.2248210581659507,3.2808718986761565,3.661940623383342
2024-06-24 01:31:31,3.218012027935851,3.1623210581659507,3.2183718986761565,3.599440623383342
2024-06-24 02:00:56,3.218012027935851,3.1623210581659507,3.4058718986761565,3.599440623383342
2024-06-24 02:30:44,3.280512027935851,3.2873210581659507,3.3433718986761565,3.411940623383342
2024-06-24 03:00:55,3.280512027935851,3.2873210581659507,3.3433718986761565,3.536940623383342
2024-06-24 03:30:55,3.343012027935851,3.3498210581659507,3.5933718986761565,3.849440623383342
2024-06-24 04:00:55,3.343012027935851,3.4123210581659507,3.5308718986761565,3.974440623383342
2024-06-24 04:31:35,3.343012027935851,3.5998210581659507,3.9683718986761565,4.224440623383342
2024-06-24 05:00:55,3.468012027935851,3.7248210581659507,3.8433718986761565,3.911940623383342
2024-06-24 05:30:55,3.530512027935851,3.7873210581659507,3.8433718986761565,3.974440623383342
2024-06-24 06:00:55,3.155512027935851,3.4123210581659507,3.6558718986761565,3.849440623383342
2024-06-24 06:30:44,3.218012027935851,3.4748210581659507,3.5933718986761565,3.849440623383342
2024-06-24 07:00:55,3.155512027935851,3.2873210581659507,3.4683718986761565,3.599440623383342
2024-06-24 07:31:24,3.280512027935851,3.4123210581659507,3.4058718986761565,4.411940623383342
2024-06-24 08:00:54,2.843012027935851,3.2873210581659507,3.4058718986761565,4.036940623383342
2024-06-24 08:30:44,2.843012027935851,3.0373210581659507,3.4683718986761565,4.286940623383342
2024-06-24 09:00:53,3.155512027935851,3.1623210581659507,3.2808718986761565,4.099440623383342
2024-06-24 09:30:55,3.780512027935851,3.4748210581659507,3.6558718986761565,3.849440623383342
2024-06-24 10:00:53,4.468012027935851,4.224821058165951,4.155871898676157,4.224440623383342
2024-06-24 10:31:08,4.280512027935851,4.412321058165951,4.405871898676157,4.411940623383342
2024-06-24 11:00:53,4.343012027935851,4.287321058165951,4.343371898676157,4.349440623383342
2024-06-24 11:30:57,4.468012027935851,4.537321058165951,4.530871898676157,4.536940623383342
2024-06-24 12:00:55,4.655512027935851,4.662321058165951,4.655871898676157,4.661940623383342
2024-06-24 12:30:44,4.655512027935851,4.662321058165951,4.655871898676157,4.661940623383342
2024-06-24 13:00:56,4.593012027935851,4.599821058165951,4.655871898676157,4.661940623383342
2024-06-24 13:31:23,4.593012027935851,4.599821058165951,4.593371898676157,4.599440623383342
2024-06-24 14:00:56,4.468012027935851,4.474821058165951,4.468371898676157,4.474440623383342
2024-06-24 14:30:44,4.405512027935851,4.349821058165951,4.405871898676157,4.349440623383342
2024-06-24 15:00:56,4.280512027935851,4.224821058165951,4.280871898676157,4.224440623383342
2024-06-24 15:30:55,4.218012027935851,4.224821058165951,4.218371898676157,4.224440623383342
2024-06-24 16:00:55,4.280512027935851,4.224821058165951,4.280871898676157,4.286940623383342
2024-06-24 16:34:26,4.218012027935851,4.224821058165951,4.218371898676157,4.224440623383342
2024-06-24 17:00:53,4.218012027935851,4.162321058165951,4.218371898676157,4.224440623383342
2024-06-24 17:30:55,4.093012027935851,4.037321058165951,4.093371898676157,4.099440623383342
2024-06-24 18:00:56,3.968012027935851,3.9123210581659507,3.9683718986761565,3.911940623383342
2024-06-24 18:30:44,3.780512027935851,3.7873210581659507,3.8433718986761565,3.786940623383342
2024-06-24 19:00:56,3.655512027935851,3.6623210581659507,3.6558718986761565,3.661940623383342
2024-06-24 19:31:24,3.718012027935851,3.6623210581659507,3.6558718986761565,3.661940623383342
2024-06-24 20:00:56,3.468012027935851,3.4123210581659507,3.4683718986761565,3.474440623383342
2024-06-24 20:30:45,3.343012027935851,3.2873210581659507,3.3433718986761565,3.349440623383342
2024-06-24 21:00:55,3.218012027935851,3.2248210581659507,3.2183718986761565,3.224440623383342
2024-06-24 21:30:55,2.968012027935851,2.9748210581659507,2.9683718986761565,2.974440623383342
2024-06-24 22:00:55,3.093012027935851,3.0998210581659507,3.0933718986761565,3.099440623383342
2024-06-24 22:31:06,2.905512027935851,2.9123210581659507,2.9058718986761565,2.911940623383342
2024-06-24 23:00:55,2.905512027935851,2.9123210581659507,2.9683718986761565,2.911940623383342
2024-06-24 23:30:55,2.843012027935851,2.7873210581659507,2.8433718986761565,2.849440623383342
2024-06-25 00:00:55,2.780512027935851,2.7873210581659507,2.7808718986761565,2.786940623383342
2024-06-25 00:30:44,2.468012027935851,2.4748210581659507,2.4683718986761565,2.474440623383342
2024-06-25 01:00:55,2.405512027935851,2.4123210581659507,2.4058718986761565,2.411940623383342
2024-06-25 01:31:30,2.343012027935851,2.3498210581659507,2.3433718986761565,2.349440623383342
2024-06-25 02:00:54,2.405512027935851,2.3498210581659507,2.4058718986761565,2.411940623383342
2024-06-25 02:30:43,2.405512027935851,2.3498210581659507,2.4058718986761565,2.411940623383342
2024-06-25 03:00:56,2.530512027935851,2.4748210581659507,2.5308718986761565,2.536940623383342
2024-06-25 03:30:55,2.593012027935851,2.5998210581659507,2.5933718986761565,2.599440623383342
2024-06-25 04:00:55,2.593012027935851,2.5998210581659507,2.5933718986761565,2.599440623383342
2024-06-25 04:35:36,2.780512027935851,2.7873210581659507,2.8433718986761565,2.786940623383342
2024-06-25 05:00:52,2.843012027935851,2.7873210581659507,2.8433718986761565,2.849440623383342
2024-06-25 05:30:57,2.905512027935851,2.9123210581659507,2.9058718986761565,2.911940623383342
2024-06-25 06:00:56,2.968012027935851,2.9123210581659507,2.9683718986761565,2.974440623383342
2024-06-25 06:30:44,2.905512027935851,2.9123210581659507,2.9058718986761565,2.911940623383342
2024-06-25 07:00:57,2.405512027935851,2.4123210581659507,2.4058718986761565,2.411940623383342
2024-06-25 07:31:29,2.343012027935851,2.3498210581659507,2.3433718986761565,2.349440623383342
2024-06-25 08:00:54,2.343012027935851,2.3498210581659507,2.3433718986761565,2.349440623383342
2024-06-25 08:30:44,2.593012027935851,2.5998210581659507,2.6558718986761565,2.661940623383342
2024-06-25 09:00:56,2.655512027935851,2.6623210581659507,2.7183718986761565,2.786940623383342
2024-06-25 09:30:56,2.843012027935851,2.8498210581659507,2.9058718986761565,2.974440623383342
2024-06-25 10:00:56,2.968012027935851,3.0373210581659507,3.2183718986761565,3.286940623383342
2024-06-25 10:31:07,3.030512027935851,3.1623210581659507,3.2808718986761565,3.349440623383342
2024-06-25 11:00:55,3.030512027935851,3.1623210581659507,3.3433718986761565,3.536940623383342
2024-06-25 11:30:56,3.093012027935851,3.2248210581659507,3.3433718986761565,3.474440623383342
2024-06-25 12:00:55,3.093012027935851,3.2248210581659507,3.3433718986761565,3.474440623383342
2024-06-25 12:30:45,3.155512027935851,3.2873210581659507,3.4058718986761565,3.536940623383342
2024-06-25 13:00:55,3.218012027935851,3.3498210581659507,3.5308718986761565,3.661940623383342
2024-06-25 13:31:31,3.218012027935851,3.2873210581659507,3.4058718986761565,3.661940623383342
2024-06-25 14:00:54,3.218012027935851,3.3498210581659507,3.4683718986761565,3.474440623383342
2024-06-25 14:30:44,3.155512027935851,3.3498210581659507,3.5308718986761565,3.599440623383342
2024-06-25 15:00:55,3.280512027935851,3.2873210581659507,3.4058718986761565,3.536940623383342
2024-06-25 15:30:55,3.280512027935851,3.2873210581659507,3.4683718986761565,3.536940623383342
2024-06-25 16:00:55,3.280512027935851,3.2873210581659507,3.6558718986761565,3.536940623383342
2024-06-25 16:31:08,3.280512027935851,3.4748210581659507,3.4683718986761565,3.411940623383342
2024-06-25 17:00:56,3.280512027935851,3.4123210581659507,3.5308718986761565,3.599440623383342
2024-06-25 17:30:55,3.405512027935851,3.5998210581659507,3.7808718986761565,3.849440623383342
2024-06-25 18:00:56,3.405512027935851,3.4123210581659507,3.4058718986761565,3.474440623383342
2024-06-25 18:30:45,3.343012027935851,3.3498210581659507,3.4058718986761565,3.411940623383342
2024-06-25 19:00:56,3.343012027935851,3.4123210581659507,3.4683718986761565,3.536940623383342
2024-06-25 19:31:31,3.343012027935851,3.4123210581659507,3.4683718986761565,3.536940623383342
2024-06-25 20:00:56,3.343012027935851,3.3498210581659507,3.3433718986761565,3.349440623383342
2024-06-25 20:30:45,3.218012027935851,3.2248210581659507,3.2183718986761565,3.224440623383342
2024-06-25 21:00:56,3.093012027935851,3.0373210581659507,3.0933718986761565,3.036940623383342
2024-06-25 21:30:55,2.968012027935851,2.9748210581659507,2.9683718986761565,2.974440623383342
2024-06-25 22:00:55,2.905512027935851,2.9123210581659507,2.9058718986761565,2.911940623383342
2024-06-25 22:31:15,2.968012027935851,2.9123210581659507,2.9683718986761565,2.974440623383342
2024-06-25 23:00:55,2.968012027935851,2.9748210581659507,2.9683718986761565,2.974440623383342
2024-06-25 23:30:56,2.968012027935851,2.9123210581659507,2.9683718986761565,2.974440623383342
2024-06-26 00:00:56,2.968012027935851,2.9748210581659507,2.9683718986761565,2.974440623383342
2024-06-26 00:30:44,3.030512027935851,2.9748210581659507,3.0308718986761565,3.036940623383342
2024-06-26 01:00:56,3.030512027935851,2.9748210581659507,3.0308718986761565,3.036940623383342
2024-06-26 01:31:29,3.030512027935851,3.0373210581659507,3.0308718986761565,3.036940623383342
2024-06-26 02:00:55,3.093012027935851,3.0998210581659507,3.0933718986761565,3.099440623383342
2024-06-26 02:30:45,3.093012027935851,3.0998210581659507,3.0933718986761565,3.099440623383342
2024-06-26 03:00:56,3.218012027935851,3.1623210581659507,3.2183718986761565,3.224440623383342
2024-06-26 03:30:55,3.155512027935851,3.1623210581659507,3.1558718986761565,3.161940623383342
2024-06-26 04:00:55,3.155512027935851,3.1623210581659507,3.1558718986761565,3.161940623383342
2024-06-26 04:31:14,3.155512027935851,3.1623210581659507,3.1558718986761565,3.161940623383342
2024-06-26 05:00:54,3.218012027935851,3.2248210581659507,3.2183718986761565,3.224440623383342
2024-06-26 05:30:56,3.218012027935851,3.2248210581659507,3.2183718986761565,3.224440623383342
2024-06-26 06:00:54,3.218012027935851,3.1623210581659507,3.2183718986761565,3.224440623383342
2024-06-26 06:30:42,3.155512027935851,3.1623210581659507,3.1558718986761565,3.161940623383342
2024-06-26 07:00:55,3.155512027935851,3.0998210581659507,3.0933718986761565,3.099440623383342
2024-06-26 07:31:23,3.155512027935851,3.0998210581659507,3.1558718986761565,3.161940623383342
2024-06-26 08:00:54,3.155512027935851,3.0998210581659507,3.0933718986761565,3.099440623383342
2024-06-26 08:30:42,3.155512027935851,3.1623210581659507,3.1558718986761565,3.161940623383342
2024-06-26 09:00:54,3.218012027935851,3.1623210581659507,3.2183718986761565,3.286940623383342
2024-06-26 09:30:55,3.218012027935851,3.1623210581659507,3.2183718986761565,3.286940623383342
2024-06-26 10:00:53,3.280512027935851,3.4748210581659507,3.5308718986761565,3.661940623383342
2024-06-26 10:31:14,3.593012027935851,3.5998210581659507,3.5933718986761565,3.661940623383342
2024-06-26 11:00:54,3.530512027935851,3.5998210581659507,3.6558718986761565,3.849440623383342
2024-06-26 11:30:54,3.593012027935851,3.5373210581659507,3.5933718986761565,3.724440623383342
2024-06-26 12:00:55,3.593012027935851,3.5998210581659507,3.6558718986761565,3.661940623383342
2024-06-26 12:30:43,3.655512027935851,3.5998210581659507,3.6558718986761565,3.661940623383342
2024-06-26 13:00:54,3.593012027935851,3.5998210581659507,3.6558718986761565,3.661940623383342
2024-06-26 13:31:27,3.593012027935851,3.5998210581659507,3.5933718986761565,3.599440623383342
2024-06-26 14:00:53,3.530512027935851,3.5373210581659507,3.5308718986761565,3.536940623383342
2024-06-26 14:30:44,3.530512027935851,3.5373210581659507,3.5308718986761565,3.536940623383342
2024-06-26 15:00:54,3.468012027935851,3.4748210581659507,3.5308718986761565,3.474440623383342
2024-06-26 15:30:56,3.405512027935851,3.4123210581659507,3.4683718986761565,3.474440623383342
2024-06-26 16:00:55,3.405512027935851,3.4123210581659507,3.4058718986761565,3.411940623383342
2024-06-26 16:31:13,3.405512027935851,3.4123210581659507,3.4058718986761565,3.411940623383342
2024-06-26 17:00:55,3.405512027935851,3.4123210581659507,3.4683718986761565,3.411940623383342
2024-06-26 17:30:55,3.405512027935851,3.4123210581659507,3.4058718986761565,3.411940623383342
2024-06-26 18:00:55,3.405512027935851,3.4123210581659507,3.4058718986761565,3.411940623383342
2024-06-26 18:30:44,3.405512027935851,3.4123210581659507,3.4058718986761565,3.411940623383342
2024-06-26 19:00:55,3.405512027935851,3.4123210581659507,3.4058718986761565,3.411940623383342
2024-06-26 19:32:49,3.468012027935851,3.4123210581659507,3.4683718986761565,3.474440623383342
2024-06-26 20:00:54,3.530512027935851,3.4748210581659507,3.5308718986761565,3.536940623383342
2024-06-26 20:30:45,3.530512027935851,3.5373210581659507,3.5308718986761565,3.536940623383342
2024-06-26 21:00:55,3.530512027935851,3.4748210581659507,3.5308718986761565,3.536940623383342
2024-06-26 21:30:55,3.530512027935851,3.5373210581659507,3.5933718986761565,3.536940623383342
2024-06-26 22:00:55,3.593012027935851,3.5998210581659507,3.5933718986761565,3.599440623383342
2024-06-26 22:31:06,3.780512027935851,3.7873210581659507,3.7808718986761565,3.786940623383342
2024-06-26 23:00:56,3.655512027935851,3.9123210581659507,3.9683718986761565,3.974440623383342
2024-06-26 23:30:55,4.030512027935851,4.037321058165951,4.093371898676157,4.099440623383342
2024-06-27 00:00:55,4.030512027935851,4.099821058165951,4.155871898676157,4.161940623383342
2024-06-27 00:30:45,3.968012027935851,4.099821058165951,4.155871898676157,4.161940623383342
2024-06-27 01:00:55,4.030512027935851,3.8498210581659507,3.9058718986761565,3.911940623383342
2024-06-27 01:31:23,3.905512027935851,3.9123210581659507,3.8433718986761565,3.849440623383342
2024-06-27 02:00:55,4.030512027935851,3.9748210581659507,4.030871898676157,4.036940623383342
2024-06-27 02:30:45,3.593012027935851,3.5373210581659507,3.5933718986761565,3.599440623383342
2024-06-27 03:00:56,3.530512027935851,3.4748210581659507,3.4683718986761565,3.536940623383342
2024-06-27 03:30:56,3.718012027935851,3.7248210581659507,3.7808718986761565,3.786940623383342
2024-06-27 04:00:55,3.843012027935851,3.8498210581659507,3.9058718986761565,3.911940623383342
2024-06-27 04:31:09,4.155512027935851,4.162321058165951,4.218371898676157,4.161940623383342
2024-06-27 05:00:54,4.218012027935851,4.224821058165951,4.280871898676157,4.286940623383342
2024-06-27 05:30:55,4.343012027935851,4.349821058165951,4.405871898676157,4.349440623383342
2024-06-27 06:00:55,4.405512027935851,4.349821058165951,4.405871898676157,4.411940623383342
2024-06-27 06:30:44,4.468012027935851,4.474821058165951,4.468371898676157,4.474440623383342
2024-06-27 07:00:57,4.343012027935851,4.412321058165951,4.468371898676157,4.411940623383342
2024-06-27 07:31:24,4.218012027935851,4.287321058165951,4.405871898676157,4.411940623383342
2024-06-27 08:00:54,4.155512027935851,4.162321058165951,4.468371898676157,4.474440623383342
2024-06-27 08:30:45,4.468012027935851,4.474821058165951,4.530871898676157,4.536940623383342
2024-06-27 09:00:56,4.405512027935851,4.412321058165951,4.468371898676157,4.474440623383342
2024-06-27 09:30:56,4.530512027935851,4.474821058165951,4.530871898676157,4.536940623383342
2024-06-27 10:00:56,4.593012027935851,4.599821058165951,4.655871898676157,4.599440623383342
2024-06-27 10:31:09,4.655512027935851,4.662321058165951,4.655871898676157,4.661940623383342
2024-06-27 11:00:54,4.780512027935851,4.787321058165951,4.780871898676157,4.786940623383342
2024-06-27 11:30:56,4.843012027935851,4.849821058165951,4.843371898676157,4.849440623383342
2024-06-27 12:00:57,4.843012027935851,4.849821058165951,4.905871898676157,4.849440623383342
2024-06-27 12:30:44,4.718012027935851,4.724821058165951,4.718371898676157,4.724440623383342
2024-06-27 13:00:56,4.593012027935851,4.537321058165951,4.593371898676157,4.599440623383342
2024-06-27 13:31:42,4.405512027935851,4.412321058165951,4.468371898676157,4.474440623383342
2024-06-27 14:00:54,4.405512027935851,4.349821058165951,4.405871898676157,4.411940623383342
