time,pHs0,pT02,pT24,trajectory
2024-06-06 16:23:09,1.6507182763871278,13.05941660466791,6.72626932455337,2024-06-Isfjorden-Mooring-05
2024-06-06 18:24:50,1.4389698403123155,13.759116895418757,7.193611915389382,2024-06-Isfjorden-Mooring-05
2024-06-06 20:23:00,1.239103042304203,12.7613363753171,6.896316411702462,2024-06-Isfjorden-Mooring-05
2024-06-06 22:23:08,1.5882543300273293,11.392833964322257,6.930831371066457,2024-06-Isfjorden-Mooring-05
2024-06-07 00:23:08,1.19881731253283,11.973733772638736,7.3268862556415675,2024-06-Isfjorden-Mooring-05
2024-06-07 02:22:53,1.5892934695782839,13.012312345235038,7.2261918113144645,2024-06-Isfjorden-Mooring-05
2024-06-07 04:23:10,1.3067088036138934,12.404358826816223,6.566779222751098,2024-06-Isfjorden-Mooring-05
2024-06-07 06:26:47,1.3889782510900048,12.862563577157072,7.019695194093648,2024-06-Isfjorden-Mooring-05
2024-06-07 08:23:13,1.7289188451860902,12.918593299563145,6.6658836365178455,2024-06-Isfjorden-Mooring-05
2024-06-07 10:23:06,0.9536563171191291,11.914520269270024,7.149102917444475,2024-06-Isfjorden-Mooring-05
2024-06-07 12:23:03,1.0789770289216183,14.438655669509522,7.976512100933111,2024-06-Isfjorden-Mooring-05
2024-06-07 14:22:55,0.7368704690553527,11.5900234140654,7.1653847088898015,2024-06-Isfjorden-Mooring-05
2024-06-07 16:23:02,0.5091808493105743,8.535552253360544,6.115867063280602,2024-06-Isfjorden-Mooring-05
2024-06-07 18:23:03,0.776674888268906,13.082067609462522,8.094156473662716,2024-06-Isfjorden-Mooring-05
2024-06-07 20:22:55,0.40785988662807193,13.775661550132394,7.833297734621018,2024-06-Isfjorden-Mooring-05
2024-06-07 22:23:05,0.3900230622113044,13.643122766812835,7.571330890538428,2024-06-Isfjorden-Mooring-05
2024-06-08 00:23:26,0.6744154971160898,14.3136496474728,7.968852663197257,2024-06-Isfjorden-Mooring-05
2024-06-08 02:23:16,0.537211502273156,13.419032574672892,6.42135238730647,2024-06-Isfjorden-Mooring-05
2024-06-08 04:23:08,0.4338512549262372,14.366114861521924,6.95121332680139,2024-06-Isfjorden-Mooring-05
2024-06-08 06:23:03,0.5536933555831242,14.402877378701346,7.611050154994921,2024-06-Isfjorden-Mooring-05
2024-06-08 08:23:26,0.6196709683308058,13.206091781390404,6.7140193399190045,2024-06-Isfjorden-Mooring-05
2024-06-08 10:23:06,0.9329391360408463,12.720833183960385,5.73466255760993,2024-06-Isfjorden-Mooring-05
2024-06-08 12:23:11,0.5808238242997171,13.152690912968,5.419309225068362,2024-06-Isfjorden-Mooring-05
2024-06-08 14:22:58,0.5164379666818412,13.734022734917234,7.438418413162726,2024-06-Isfjorden-Mooring-05
2024-06-08 16:23:09,0.5091998777890036,13.524809841400067,7.780918245057331,2024-06-Isfjorden-Mooring-05
2024-06-08 18:23:09,0.380657953420263,12.546184748838431,5.6817877123472105,2024-06-Isfjorden-Mooring-05
2024-06-08 20:22:52,0.6210427398918856,9.753334095720025,6.599823733096284,2024-06-Isfjorden-Mooring-05
2024-06-08 22:23:00,1.5086351850846675,13.451006212545146,7.4937428830033825,2024-06-Isfjorden-Mooring-05
2024-06-09 00:22:58,1.3602525202782407,13.662910419102571,7.664266764285554,2024-06-Isfjorden-Mooring-05
2024-06-09 02:24:00,1.225750024937068,12.679969640246526,7.749031465097497,2024-06-Isfjorden-Mooring-05
2024-06-09 04:23:46,0.45961244658881856,7.496222924079694,5.936037242280959,2024-06-Isfjorden-Mooring-05
2024-06-09 06:23:06,1.424433639623104,14.375262456643831,8.548274279087705,2024-06-Isfjorden-Mooring-05
2024-06-09 08:22:55,0.5354440703937089,8.418375061427074,6.307121206842316,2024-06-Isfjorden-Mooring-05
2024-06-09 10:23:07,0.899064500736013,12.60295581931474,7.507494263830699,2024-06-Isfjorden-Mooring-05
2024-06-09 12:23:09,1.0575897625644308,13.679143672910095,7.556979964108258,2024-06-Isfjorden-Mooring-05
2024-06-09 14:23:02,0.5589555735455715,14.167862614163703,8.300925192739475,2024-06-Isfjorden-Mooring-05
2024-06-09 16:23:30,0.46036477239671175,13.793452236800158,8.08181233871305,2024-06-Isfjorden-Mooring-05
2024-06-09 20:22:58,0.6516268607980987,13.922682887684271,7.993754306046026,2024-06-Isfjorden-Mooring-05
2024-06-09 22:22:59,0.5396414875301833,13.705917891884065,8.225141792374943,2024-06-Isfjorden-Mooring-05
2024-06-10 00:22:58,0.1631590791704954,14.58962826245343,9.094174069597532,2024-06-Isfjorden-Mooring-05
2024-06-10 02:22:55,0.04394242983023325,12.927593183062214,7.8613836920078795,2024-06-Isfjorden-Mooring-05
2024-06-10 04:23:06,0.03639449452038786,14.788453205244926,7.352145068809562,2024-06-Isfjorden-Mooring-05
2024-06-10 08:23:52,0.09447003215077715,13.809493044564158,7.704836295252001,2024-06-Isfjorden-Mooring-05
2024-06-10 10:23:06,0.9418818791996286,15.206745769780525,9.295493568747663,2024-06-Isfjorden-Mooring-05
2024-06-10 12:23:05,1.1187009815287914,14.245501164762247,8.341208122264895,2024-06-Isfjorden-Mooring-05
2024-06-10 14:26:06,0.6555909837085546,12.365451574930466,7.151148861398064,2024-06-Isfjorden-Mooring-05
2024-06-10 16:24:28,0.9953579840545268,13.795622295622515,8.047400817079437,2024-06-Isfjorden-Mooring-05
2024-06-10 18:23:06,1.0223395750561994,14.005777172073396,7.594789722109562,2024-06-Isfjorden-Mooring-05
2024-06-10 20:23:00,1.1911652782251778,13.745735872851343,7.692968866785201,2024-06-Isfjorden-Mooring-05
2024-06-10 22:22:58,0.9739983771952486,12.704432787778758,7.051808501683586,2024-06-Isfjorden-Mooring-05
2024-06-11 00:23:07,1.2534917371362866,13.530605782894039,7.8549453209869515,2024-06-Isfjorden-Mooring-05
2024-06-11 02:22:51,0.7611423390908781,10.958075353200062,6.968839862562283,2024-06-Isfjorden-Mooring-05
2024-06-11 04:23:30,1.105461275872161,14.388856336058083,7.944561437675315,2024-06-Isfjorden-Mooring-05
2024-06-11 06:23:08,1.1371663292358163,13.912919569680811,7.839083240681801,2024-06-Isfjorden-Mooring-05
2024-06-11 08:23:51,0.88735794914591,12.518475194877242,7.4529830821615874,2024-06-Isfjorden-Mooring-05
2024-06-11 10:23:05,1.243599698047648,13.512952590893734,7.394060650886731,2024-06-Isfjorden-Mooring-05
2024-06-11 14:22:57,0.8942210476450864,13.111612201812223,7.1359320646629,2024-06-Isfjorden-Mooring-05
2024-06-11 16:23:06,0.5037346929690262,8.315752018588837,5.305688896851227,2024-06-Isfjorden-Mooring-05
2024-06-11 18:23:07,0.7523632602168738,11.603467187176257,5.420702683427245,2024-06-Isfjorden-Mooring-05
2024-06-11 20:23:00,0.4646672674352976,8.383672968340688,5.399390658640706,2024-06-Isfjorden-Mooring-05
2024-06-11 22:22:59,0.5426700762457487,12.462512696947346,6.396375881313429,2024-06-Isfjorden-Mooring-05
2024-06-12 00:23:08,0.5088773822106705,13.443098369953743,7.259079565351132,2024-06-Isfjorden-Mooring-05
2024-06-12 02:22:52,0.6473846232126267,14.105907681613008,8.423953018421596,2024-06-Isfjorden-Mooring-05
2024-06-12 04:23:06,0.9553697302415248,14.32980014239428,8.311295542983581,2024-06-Isfjorden-Mooring-05
2024-06-12 06:23:09,0.6472564490991852,8.149318477372175,4.831152159384087,2024-06-Isfjorden-Mooring-05
2024-06-12 08:22:54,1.2660851110556677,9.479849200450763,4.550758488890576,2024-06-Isfjorden-Mooring-05
2024-06-12 10:23:07,1.5000316750778602,8.431676591093865,4.298686130818939,2024-06-Isfjorden-Mooring-05
2024-06-12 12:23:09,1.483140279398079,9.132066511474964,4.273433642594485,2024-06-Isfjorden-Mooring-05
2024-06-12 14:22:58,1.948499886161317,11.06216600964382,4.877645232213098,2024-06-Isfjorden-Mooring-05
2024-06-12 16:23:03,1.134895936580231,9.180096643704426,4.442838180902192,2024-06-Isfjorden-Mooring-05
2024-06-12 18:23:00,1.305981814538913,8.232487207017257,4.255128046510015,2024-06-Isfjorden-Mooring-05
2024-06-12 20:23:40,1.1341271615414752,9.449969776917332,4.524429147972941,2024-06-Isfjorden-Mooring-05
2024-06-12 22:23:27,1.01931069347549,7.156546812980926,4.379856168255197,2024-06-Isfjorden-Mooring-05
2024-06-13 00:23:09,1.9109664119308207,11.617886547603021,5.317785818605052,2024-06-Isfjorden-Mooring-05
2024-06-13 02:22:53,1.3628235040816081,10.689238277901472,5.119198128781054,2024-06-Isfjorden-Mooring-05
2024-06-13 04:23:08,1.7069411968805586,10.74082422628484,4.98453947287452,2024-06-Isfjorden-Mooring-05
2024-06-13 06:23:18,1.9522210479730222,12.285647463340373,5.582221157844868,2024-06-Isfjorden-Mooring-05
2024-06-13 08:22:56,1.4502375691176619,11.304103005249292,5.387467827324596,2024-06-Isfjorden-Mooring-05
2024-06-13 10:23:17,1.3697033594234225,12.142382839360373,6.153494823109979,2024-06-Isfjorden-Mooring-05
2024-06-13 12:23:14,1.2983885588155226,12.514210096832915,6.568812457826306,2024-06-Isfjorden-Mooring-05
2024-06-13 14:22:58,1.3885461689445593,13.396634605406975,6.991445747863206,2024-06-Isfjorden-Mooring-05
2024-06-13 16:23:23,1.4709080860392263,13.076470188055856,6.536501120673938,2024-06-Isfjorden-Mooring-05
2024-06-13 18:23:10,1.1612282082871792,12.49780157349273,6.524890946942414,2024-06-Isfjorden-Mooring-05
2024-06-13 20:23:46,1.444274611172079,12.752584621909723,6.573241465505964,2024-06-Isfjorden-Mooring-05
2024-06-13 22:23:05,0.724684349505826,7.583987020777332,5.385804262937344,2024-06-Isfjorden-Mooring-05
2024-06-14 00:23:00,1.4877692814621875,13.467391241448698,6.877667241105944,2024-06-Isfjorden-Mooring-05
2024-06-14 02:22:57,1.299335872841745,12.646954117220295,6.432084014301989,2024-06-Isfjorden-Mooring-05
2024-06-14 04:23:01,0.9439666998234115,12.857067642677904,6.981782367775098,2024-06-Isfjorden-Mooring-05
2024-06-14 06:23:11,0.9565405026028841,13.465821664782297,7.570387703280683,2024-06-Isfjorden-Mooring-05
2024-06-14 08:23:06,0.9003361317720489,12.18253591673558,6.7767380933039,2024-06-Isfjorden-Mooring-05
2024-06-14 14:23:05,0.9680960892566751,13.344146967416675,7.794277274811116,2024-06-Isfjorden-Mooring-05
2024-06-14 16:23:03,1.0497772351033754,12.966110230795445,6.575849797702104,2024-06-Isfjorden-Mooring-05
2024-06-14 18:23:08,1.064687912052885,12.173655415430527,5.516899484053399,2024-06-Isfjorden-Mooring-05
2024-06-14 20:23:02,1.1458949995503205,11.095866981517293,5.023844354610616,2024-06-Isfjorden-Mooring-05
2024-06-14 22:23:29,0.926841372441404,10.932732464317077,4.85181619635765,2024-06-Isfjorden-Mooring-05
2024-06-15 00:23:40,0.948993745396978,11.252393182329563,5.007997964279037,2024-06-Isfjorden-Mooring-05
2024-06-15 02:22:53,1.4367784553034644,10.312859536894077,4.651845548178859,2024-06-Isfjorden-Mooring-05
2024-06-15 04:23:06,0.9809988741556436,9.08511711517037,4.529055681912286,2024-06-Isfjorden-Mooring-05
2024-06-15 06:23:02,0.6369568847286554,8.744438949924579,5.2665305547265575,2024-06-Isfjorden-Mooring-05
2024-06-15 08:23:06,0.5070247908681236,12.398065001322978,6.3892190030178515,2024-06-Isfjorden-Mooring-05
2024-06-15 10:23:35,0.325723522179263,14.252015118153423,7.696150688751569,2024-06-Isfjorden-Mooring-05
2024-06-15 12:23:25,0.09029975465951084,14.33944121721378,7.661350886772792,2024-06-Isfjorden-Mooring-05
2024-06-15 14:22:59,0.15281190576622677,12.839503039562723,7.177606611923825,2024-06-Isfjorden-Mooring-05
2024-06-15 16:23:03,0.04026453139201315,6.308147778631863,5.0190676133028544,2024-06-Isfjorden-Mooring-05
2024-06-15 18:23:11,1.0838945200555932,14.090152551079095,8.397627922666627,2024-06-Isfjorden-Mooring-05
2024-06-15 20:23:02,1.3682844105963496,14.778083535541763,8.32117484638166,2024-06-Isfjorden-Mooring-05
2024-06-15 22:23:08,1.142950530176047,14.227980333671306,8.19947974234236,2024-06-Isfjorden-Mooring-05
2024-06-16 00:23:07,1.01353723908417,14.69026040098166,8.472395557395263,2024-06-Isfjorden-Mooring-05
2024-06-16 02:22:56,1.1798316884154247,14.267795209469199,8.120251874034409,2024-06-Isfjorden-Mooring-05
2024-06-16 04:22:59,1.2316080279216781,14.402026935931508,8.519296399231013,2024-06-Isfjorden-Mooring-05
2024-06-16 06:26:09,0.9601627499285188,14.697792756429202,8.465722748232034,2024-06-Isfjorden-Mooring-05
2024-06-16 08:23:11,0.42224324822386655,9.772569602876828,7.390133846574614,2024-06-Isfjorden-Mooring-05
2024-06-16 10:23:06,0.6965038470340126,15.19680117651587,8.893185152783433,2024-06-Isfjorden-Mooring-05
2024-06-16 12:23:02,0.6874739651907731,13.156106139720922,8.010267617400755,2024-06-Isfjorden-Mooring-05
2024-06-16 14:23:01,0.5916806291272333,13.887980894661576,8.30156357159299,2024-06-Isfjorden-Mooring-05
2024-06-16 16:23:05,0.5063098325004514,13.800811730109077,8.095094315302722,2024-06-Isfjorden-Mooring-05
2024-06-16 18:23:02,0.17843809756739604,13.335994028066786,6.286464046679399,2024-06-Isfjorden-Mooring-05
2024-06-16 20:22:54,0.1797398978203825,15.582159373514445,8.68395827926184,2024-06-Isfjorden-Mooring-05
2024-06-16 22:23:02,0.4447107608418129,12.094078358348675,7.712381464041218,2024-06-Isfjorden-Mooring-05
2024-06-17 00:23:09,0.6322901059720443,14.334572174672356,7.991564965285239,2024-06-Isfjorden-Mooring-05
2024-06-17 02:23:02,0.2892604056819134,13.386342032549582,7.520511350505215,2024-06-Isfjorden-Mooring-05
2024-06-17 04:23:04,0.09738394507057102,8.714077297821252,4.9288856032698956,2024-06-Isfjorden-Mooring-05
2024-06-17 06:23:15,0.16110231740230718,11.115913822855148,5.136379143599407,2024-06-Isfjorden-Mooring-05
2024-06-17 08:23:08,0.11559890240880219,11.034201733054893,5.055031335999113,2024-06-Isfjorden-Mooring-05
2024-06-17 10:23:18,0.5923683446217175,12.92607800692375,7.156901888832197,2024-06-Isfjorden-Mooring-05
2024-06-17 12:23:16,0.7602760542463649,12.447764674963395,7.61913210552623,2024-06-Isfjorden-Mooring-05
2024-06-17 14:23:00,1.2315763491771266,14.251339405264199,8.457890234066367,2024-06-Isfjorden-Mooring-05
2024-06-17 16:23:10,0.5525299110336674,10.501831846434877,6.979576359319422,2024-06-Isfjorden-Mooring-05
2024-06-17 18:23:11,0.7694059596086159,13.159565752306252,7.553346104938861,2024-06-Isfjorden-Mooring-05
2024-06-17 20:23:04,0.6126588046205129,11.437366836283758,7.152570476910149,2024-06-Isfjorden-Mooring-05
2024-06-17 22:23:07,0.3407526336080607,8.584256661484302,6.461898684372574,2024-06-Isfjorden-Mooring-05
2024-06-18 00:23:12,0.11946481357029774,11.116727650537998,6.514311803857146,2024-06-Isfjorden-Mooring-05
2024-06-18 02:23:35,0.20969859928056236,10.82129942755446,7.673554473656288,2024-06-Isfjorden-Mooring-05
2024-06-18 04:23:53,0.6257795024281434,15.404213607781719,9.53401285470299,2024-06-Isfjorden-Mooring-05
2024-06-18 06:23:12,0.6454614456925992,14.133953974392385,8.349053873357606,2024-06-Isfjorden-Mooring-05
2024-06-18 08:23:01,0.8368176829337879,13.10331994273635,7.334886252300325,2024-06-Isfjorden-Mooring-05
2024-06-18 10:23:05,1.1311806000951288,14.917060501505732,8.777000270719718,2024-06-Isfjorden-Mooring-05
2024-06-18 12:23:15,0.7994772664519346,13.213578516568706,8.263771286563047,2024-06-Isfjorden-Mooring-05
2024-06-18 14:23:02,1.0666148784375589,14.542983914933437,8.512300908726806,2024-06-Isfjorden-Mooring-05
2024-06-18 16:23:32,1.211975452832276,12.913949846211278,7.503659831477465,2024-06-Isfjorden-Mooring-05
2024-06-18 18:23:05,1.2998751084136668,12.983027691305626,7.3517295171051265,2024-06-Isfjorden-Mooring-05
2024-06-18 20:22:55,1.835454408498839,13.661175692477356,7.138750952993879,2024-06-Isfjorden-Mooring-05
2024-06-18 22:23:19,1.712923816913343,12.130961840748382,5.2110593478212754,2024-06-Isfjorden-Mooring-05
2024-06-19 00:23:01,2.2137637790977043,11.306206763304758,4.701486988205198,2024-06-Isfjorden-Mooring-05
2024-06-19 02:22:55,2.4009099786958332,9.594103822867783,4.346664008584085,2024-06-Isfjorden-Mooring-05
2024-06-19 04:23:09,2.216067575345833,10.70937967895382,4.603813073905714,2024-06-Isfjorden-Mooring-05
2024-06-19 06:23:25,2.6424262246132115,11.064949380237989,4.516740270425035,2024-06-Isfjorden-Mooring-05
2024-06-19 08:23:41,1.424979138496022,7.702552688081711,4.382050656982074,2024-06-Isfjorden-Mooring-05
2024-06-19 10:23:01,1.8810448968738132,13.809105720605661,6.486492042950969,2024-06-Isfjorden-Mooring-05
2024-06-19 12:23:03,1.2471453151923522,11.29747885033965,6.459908439649191,2024-06-Isfjorden-Mooring-05
2024-06-19 14:22:55,1.4493584624567086,12.634265449794658,6.777734756040003,2024-06-Isfjorden-Mooring-05
2024-06-19 16:23:02,0.6684918435463958,7.856091931751903,5.263236940159921,2024-06-Isfjorden-Mooring-05
2024-06-19 18:23:00,1.2136924467796326,13.660091982665875,7.456290276611259,2024-06-Isfjorden-Mooring-05
2024-06-19 20:22:57,0.8971947917262358,10.249999648473812,6.314469588955023,2024-06-Isfjorden-Mooring-05
2024-06-19 22:22:59,0.9972097700805911,10.680289655163817,6.632363614504696,2024-06-Isfjorden-Mooring-05
2024-06-20 00:23:07,1.6557357469135667,13.800427436598953,6.877257463233886,2024-06-Isfjorden-Mooring-05
2024-06-20 02:23:01,1.972005851543531,13.994991178055296,6.652895539753415,2024-06-Isfjorden-Mooring-05
2024-06-20 04:23:13,1.7590226259513486,14.630732111856412,7.52248417383431,2024-06-Isfjorden-Mooring-05
2024-06-20 06:23:19,1.4491578760149657,11.892253033436573,5.843772957631403,2024-06-Isfjorden-Mooring-05
2024-06-20 08:23:00,0.9471895420240846,9.774461466294406,5.758582414459941,2024-06-Isfjorden-Mooring-05
2024-06-20 10:23:08,1.4795829857474578,14.186913008474164,7.961903924329344,2024-06-Isfjorden-Mooring-05
2024-06-20 12:23:07,1.100050393457373,13.945237900428237,8.156560448632135,2024-06-Isfjorden-Mooring-05
2024-06-20 14:23:03,0.9461366766075845,13.673328151693585,8.131917782617329,2024-06-Isfjorden-Mooring-05
2024-06-20 16:23:13,0.9110247112000736,13.7636872663906,7.823188095529195,2024-06-Isfjorden-Mooring-05
2024-06-20 18:23:08,0.5729794840886152,11.850300463129175,7.911329863812687,2024-06-Isfjorden-Mooring-05
2024-06-20 20:22:53,0.5494807273683402,10.370794618830615,7.207381721102382,2024-06-Isfjorden-Mooring-05
2024-06-20 22:23:05,0.8387161351629964,14.385437813948405,8.405609951744523,2024-06-Isfjorden-Mooring-05
2024-06-21 00:23:17,1.208110250832305,13.516566673123092,7.770772821814114,2024-06-Isfjorden-Mooring-05
2024-06-21 02:23:49,0.9301456183485642,13.660496849509443,7.684960677563607,2024-06-Isfjorden-Mooring-05
2024-06-21 04:23:38,0.7385301809430781,15.47525186828244,8.887409804998141,2024-06-Isfjorden-Mooring-05
2024-06-21 06:23:09,0.5219863832855186,13.24027632073359,8.171908671925515,2024-06-Isfjorden-Mooring-05
2024-06-21 08:23:00,0.6700701379094123,14.351071934258973,8.377228778511313,2024-06-Isfjorden-Mooring-05
2024-06-21 10:23:05,0.7688481550172157,13.697661252165005,8.245220926134872,2024-06-Isfjorden-Mooring-05
2024-06-21 14:23:01,0.9104585261090142,13.00372788031104,7.181648672987109,2024-06-Isfjorden-Mooring-05
2024-06-21 16:23:11,0.7972569885627451,11.832258626168642,6.87082929346527,2024-06-Isfjorden-Mooring-05
2024-06-21 18:23:23,1.3445849610156213,14.624089998618489,7.623794986753714,2024-06-Isfjorden-Mooring-05
2024-06-21 20:23:00,1.0847464039034513,10.22353764996713,5.750374719482774,2024-06-Isfjorden-Mooring-05
2024-06-21 22:23:09,1.1081193334509292,13.12229401292254,7.164982158828983,2024-06-Isfjorden-Mooring-05
2024-06-22 00:23:07,0.8788781665248253,12.993181915378264,8.139225530995684,2024-06-Isfjorden-Mooring-05
2024-06-22 02:22:54,0.9224261043329901,13.953434354928225,8.152747293247796,2024-06-Isfjorden-Mooring-05
2024-06-22 04:23:12,0.24933650519717643,15.190653756069171,8.907653351835867,2024-06-Isfjorden-Mooring-05
2024-06-22 06:23:05,0.0562423197030274,14.820305605425197,7.375688054094827,2024-06-Isfjorden-Mooring-05
2024-06-22 08:22:58,0.07338050328552204,10.500647453746444,7.29565723376071,2024-06-Isfjorden-Mooring-05
2024-06-22 10:23:06,0.19417069457135308,14.908446484483083,9.056825502037135,2024-06-Isfjorden-Mooring-05
2024-06-22 12:23:11,0.06633207957680444,10.977193066244677,6.896090076511361,2024-06-Isfjorden-Mooring-05
2024-06-22 14:23:16,0.8799739912932919,14.195035342310131,7.6266108161143835,2024-06-Isfjorden-Mooring-05
2024-06-22 16:23:18,1.178003155444576,11.440758241709968,5.17514067423202,2024-06-Isfjorden-Mooring-05
2024-06-22 22:23:06,1.1660436499056646,11.890451421211678,5.247674396309381,2024-06-Isfjorden-Mooring-05
2024-06-23 00:23:00,1.4142515125875537,13.534988629404909,6.837806004095402,2024-06-Isfjorden-Mooring-05
2024-06-23 02:22:54,1.0404986061666632,13.550366143802917,8.135138962868051,2024-06-Isfjorden-Mooring-05
2024-06-23 04:23:00,0.8562755040034313,13.805470818590925,7.798093294573723,2024-06-Isfjorden-Mooring-05
2024-06-23 06:23:01,0.3619842998500467,13.772759626917866,7.998619294042959,2024-06-Isfjorden-Mooring-05
2024-06-23 08:22:54,0.5184354138136225,13.354988677311962,8.357449520361014,2024-06-Isfjorden-Mooring-05
2024-06-23 10:23:03,0.37874369419246323,14.341683891097048,8.179725514245918,2024-06-Isfjorden-Mooring-05
2024-06-23 12:23:03,0.3427057174566124,13.854390901668861,7.612150776629699,2024-06-Isfjorden-Mooring-05
2024-06-23 14:22:57,0.269302209605374,13.255978805713452,7.8858105243375896,2024-06-Isfjorden-Mooring-05
2024-06-23 16:23:13,0.0345223865771218,6.165582708640664,4.5275328466591676,2024-06-Isfjorden-Mooring-05
2024-06-23 18:23:12,0.06440311269248077,11.759644630589897,6.700247910645222,2024-06-Isfjorden-Mooring-05
2024-06-23 20:23:04,0.042762057275895764,6.5301695476528225,5.169810219202927,2024-06-Isfjorden-Mooring-05
2024-06-23 22:23:04,0.06934457014063516,6.134605064930887,5.431607513297685,2024-06-Isfjorden-Mooring-05
2024-06-24 00:23:04,0.05805951602046682,6.021649701923819,5.193964020650456,2024-06-Isfjorden-Mooring-05
2024-06-24 02:22:58,0.04241348600000809,5.383036846867591,4.558873701045742,2024-06-Isfjorden-Mooring-05
2024-06-24 06:24:01,0.03334160483703695,5.74078482761094,4.9566524428064005,2024-06-Isfjorden-Mooring-05
2024-06-24 08:23:07,0.03537917072788665,5.820821153482082,5.13830876902093,2024-06-Isfjorden-Mooring-05
2024-06-24 10:23:08,1.0624578734875416,14.802429606710371,8.923765601055113,2024-06-Isfjorden-Mooring-05
2024-06-24 12:23:15,0.9582167544390593,11.924522962623415,7.0579621370356085,2024-06-Isfjorden-Mooring-05
2024-06-24 14:23:02,1.560927685900199,12.23711029279342,6.075318983983945,2024-06-Isfjorden-Mooring-05
2024-06-24 16:23:09,1.8729228102348496,12.167904340531306,5.232135247845831,2024-06-Isfjorden-Mooring-05
2024-06-24 18:24:50,1.8034600662685127,10.713656232684306,4.713609649051231,2024-06-Isfjorden-Mooring-05
2024-06-24 20:22:57,1.709944103229389,11.93037518527856,5.067303653854444,2024-06-Isfjorden-Mooring-05
2024-06-24 22:23:07,0.8853169162198544,7.782586851856088,4.9566006839951005,2024-06-Isfjorden-Mooring-05
2024-06-25 00:23:00,1.2673285590921526,11.000348295571618,6.171663520346111,2024-06-Isfjorden-Mooring-05
2024-06-25 02:22:57,0.8018182583176777,10.686441013316486,6.9580326214,2024-06-Isfjorden-Mooring-05
2024-06-25 04:23:00,0.6482076430361778,10.97949963036834,7.234984605526748,2024-06-Isfjorden-Mooring-05
2024-06-25 06:23:10,0.9244029379140578,13.228206334029913,8.040945572895383,2024-06-Isfjorden-Mooring-05
2024-06-25 08:23:03,0.5808927682686217,15.155753702461269,9.14728534686112,2024-06-Isfjorden-Mooring-05
2024-06-25 10:23:06,0.18280290783284317,14.3481502992908,7.131976879001228,2024-06-Isfjorden-Mooring-05
2024-06-25 12:23:07,0.12502133575050103,15.042754490071829,8.422935877973076,2024-06-Isfjorden-Mooring-05
2024-06-25 14:23:04,0.0730386643729161,12.306564730071203,6.681000126602846,2024-06-Isfjorden-Mooring-05
2024-06-25 16:23:05,0.07566336659838054,13.371621947877099,7.828357049627579,2024-06-Isfjorden-Mooring-05
2024-06-25 18:23:11,0.8652940941974827,13.318362196677315,8.366859378882713,2024-06-Isfjorden-Mooring-05
2024-06-25 20:22:56,0.7105801714862907,12.353793394889378,8.190711385538107,2024-06-Isfjorden-Mooring-05
2024-06-25 22:23:05,0.7314432382298849,14.712151360045223,9.039272686762695,2024-06-Isfjorden-Mooring-05
2024-06-26 00:23:08,0.851226290239384,14.142204270552856,8.447421371620939,2024-06-Isfjorden-Mooring-05
2024-06-26 02:23:02,0.8890479777702958,14.031382199700221,8.180920114560548,2024-06-Isfjorden-Mooring-05
2024-06-26 04:23:06,0.5522517463208385,14.572627999096628,8.204602235507654,2024-06-Isfjorden-Mooring-05
2024-06-26 06:23:05,0.5026632264813278,14.734449621682089,8.956143314502016,2024-06-Isfjorden-Mooring-05
2024-06-26 08:22:56,0.36352361362199015,13.71228542842896,8.408512576588146,2024-06-Isfjorden-Mooring-05
2024-06-26 10:23:02,0.13579417100230032,14.860951632931933,8.60634957138155,2024-06-Isfjorden-Mooring-05
2024-06-26 12:23:02,1.008156649548784,13.842520792842203,8.026509558817365,2024-06-Isfjorden-Mooring-05
2024-06-26 14:22:59,0.6223811838958545,9.254087187967507,6.522691023115289,2024-06-Isfjorden-Mooring-05
2024-06-26 16:23:01,0.7352164287470155,8.294529864389274,5.894135428380251,2024-06-Isfjorden-Mooring-05
2024-06-26 18:23:08,1.282501545946195,12.553833353485444,6.440892553503783,2024-06-Isfjorden-Mooring-05
2024-06-26 20:23:12,1.2618690135351645,12.715345125982456,6.946042649076112,2024-06-Isfjorden-Mooring-05
2024-06-26 22:23:06,1.1030190282563208,13.008745051673266,7.265963921811603,2024-06-Isfjorden-Mooring-05
2024-06-27 00:23:06,1.4747675066466064,13.301115033284871,7.7354402153430435,2024-06-Isfjorden-Mooring-05
2024-06-27 02:22:55,1.0489489668791847,13.891474941601826,7.727491883170871,2024-06-Isfjorden-Mooring-05
2024-06-27 04:23:16,0.8477378345512333,13.759231344450228,7.449172692550286,2024-06-Isfjorden-Mooring-05
2024-06-27 06:23:01,0.5109518141404997,11.292001333164956,7.2811925988322495,2024-06-Isfjorden-Mooring-05
2024-06-27 08:22:54,1.0563689954072777,14.054525610412046,7.145529408757159,2024-06-Isfjorden-Mooring-05
2024-06-27 10:23:14,1.2423266931117387,10.775514010715945,4.876508135414656,2024-06-Isfjorden-Mooring-05
2024-06-27 12:23:12,1.2520421029173023,11.247278177637238,4.928914873224597,2024-06-Isfjorden-Mooring-05
2024-06-27 14:22:54,1.0757840886861472,10.815739736067073,4.841192548880746,2024-06-Isfjorden-Mooring-05
2024-06-27 16:23:02,1.322941600260639,10.928785352519164,5.256220819116104,2024-06-Isfjorden-Mooring-05
2024-06-27 18:23:09,1.1670204508508557,12.577939476875114,6.376271026129946,2024-06-Isfjorden-Mooring-05
2024-06-27 20:27:45,0.8950252237912285,13.40000646681221,6.870453919946737,2024-06-Isfjorden-Mooring-05
2024-06-28 00:24:52,1.1302567615896166,9.718899697055441,4.521062297098001,2024-06-Isfjorden-Mooring-05
2024-06-28 02:23:09,0.8541038840265556,8.097092549550771,4.205985318766308,2024-06-Isfjorden-Mooring-05
2024-06-28 04:23:51,1.1200226489874823,8.803394975217467,4.606343121233273,2024-06-Isfjorden-Mooring-05
2024-06-28 06:23:10,1.030944527170495,5.460316719307786,4.202217496629114,2024-06-Isfjorden-Mooring-05
2024-06-28 08:23:59,1.2628158046992122,7.334323862855511,4.277457609182247,2024-06-Isfjorden-Mooring-05
2024-06-28 10:25:55,1.3048606801727443,10.9729104058699,4.727257954704488,2024-06-Isfjorden-Mooring-05
2024-06-28 12:25:02,1.0571586839599783,10.08613758014427,4.729357896391039,2024-06-Isfjorden-Mooring-05
2024-06-28 14:23:11,1.1744628979545135,11.275415894029225,5.080247837171974,2024-06-Isfjorden-Mooring-05
2024-06-28 16:23:39,1.0607513771105224,8.82706715627252,4.528870210557299,2024-06-Isfjorden-Mooring-05
2024-06-28 18:23:23,1.426725095405578,13.351039176868786,6.183848351905147,2024-06-Isfjorden-Mooring-05
2024-06-28 20:25:41,1.0084711046414772,11.711312636160756,5.557632364101741,2024-06-Isfjorden-Mooring-05
2024-06-28 22:23:04,0.27410252309680283,6.189048844494568,4.167468341494716,2024-06-Isfjorden-Mooring-05
2024-06-29 00:23:00,0.8796552570690779,10.668858126080274,5.015524277889696,2024-06-Isfjorden-Mooring-05
2024-06-29 02:23:00,0.32594557831374504,6.860895464357373,4.464630736053323,2024-06-Isfjorden-Mooring-05
2024-06-29 04:22:55,0.7426765495720873,13.654940775164274,7.590577038531432,2024-06-Isfjorden-Mooring-05
2024-06-29 06:23:10,1.0395195175929985,14.38832480295677,6.810049928619052,2024-06-Isfjorden-Mooring-05
2024-06-29 08:23:11,0.7274709162942703,11.611441178643778,5.518413362048657,2024-06-Isfjorden-Mooring-05
2024-06-29 10:23:07,0.6288418909432032,5.521347689454679,3.941934832999414,2024-06-Isfjorden-Mooring-05
2024-06-29 12:23:13,1.0629878176866563,7.174437842753692,4.010568709406301,2024-06-Isfjorden-Mooring-05
2024-06-29 14:23:09,1.014549901693454,8.88101024502935,4.323236193927429,2024-06-Isfjorden-Mooring-05
2024-06-29 16:22:56,1.2959513154090914,11.38990615834453,5.325575108041282,2024-06-Isfjorden-Mooring-05
2024-06-29 18:23:10,1.3755490538629833,9.657694702049914,4.40190232576839,2024-06-Isfjorden-Mooring-05
2024-06-29 20:24:55,0.7361896717371818,10.33758549539562,4.664774976500233,2024-06-Isfjorden-Mooring-05
2024-06-30 00:23:11,0.3448450353156408,8.451837708964504,4.774105907402716,2024-06-Isfjorden-Mooring-05
2024-06-30 02:23:04,0.6527508713026453,12.496203309559336,6.173088259816754,2024-06-Isfjorden-Mooring-05
2024-06-30 04:22:56,0.7923333408960826,13.667864616037658,6.857428697701552,2024-06-Isfjorden-Mooring-05
2024-06-30 06:23:04,0.7713034609122588,13.748616632981282,7.135335628914114,2024-06-Isfjorden-Mooring-05
2024-06-30 08:23:14,0.8511774724753685,11.273567988398137,5.792934680497075,2024-06-Isfjorden-Mooring-05
2024-06-30 10:23:56,0.7314833258115057,9.797258938415084,5.177704695534792,2024-06-Isfjorden-Mooring-05
2024-06-30 12:23:13,1.1179389939182518,11.560926511196522,5.215654168066732,2024-06-Isfjorden-Mooring-05
2024-06-30 14:23:04,0.7807054582702208,9.990844020655082,4.650944067861184,2024-06-Isfjorden-Mooring-05
2024-06-30 16:23:07,0.703003613482468,12.147176376839893,5.621197746671607,2024-06-Isfjorden-Mooring-05
2024-06-30 18:23:11,0.41978456042498585,8.660202333058427,5.728792457042069,2024-06-Isfjorden-Mooring-05
2024-06-30 20:23:12,0.8620154843597242,13.814706471157928,7.64276567357821,2024-06-Isfjorden-Mooring-05
2024-06-30 22:23:01,0.5014551473440828,13.368753446241914,7.188611706846997,2024-06-Isfjorden-Mooring-05
2024-07-01 00:23:20,0.7794289240971884,12.4785497133722,5.984229998697288,2024-06-Isfjorden-Mooring-05
2024-07-01 02:23:18,1.1576298460809735,12.1997498618548,5.884399505149867,2024-06-Isfjorden-Mooring-05
2024-07-01 04:23:05,0.7706201878637939,7.619531159266737,4.668025424738238,2024-06-Isfjorden-Mooring-05
2024-07-01 06:23:11,0.23819440546456908,5.649240457596106,4.2124439340247966,2024-06-Isfjorden-Mooring-05
2024-07-01 08:23:11,0.6025763691805396,9.538393052408917,5.042325390858053,2024-06-Isfjorden-Mooring-05
2024-07-01 12:23:12,0.8102383442947727,11.724924869734144,5.744733990725742,2024-06-Isfjorden-Mooring-05
2024-07-01 14:23:14,0.9201747113321284,12.142877288782197,5.741816245383806,2024-06-Isfjorden-Mooring-05
2024-07-01 16:22:58,0.5153172059851004,11.377245906280288,5.302434342260686,2024-06-Isfjorden-Mooring-05
2024-07-01 18:23:20,0.8980635306539607,12.423058763006129,6.295237752550359,2024-06-Isfjorden-Mooring-05
2024-07-01 22:23:04,0.09325531228060926,7.059156010997878,4.192702467885601,2024-06-Isfjorden-Mooring-05
2024-07-02 00:23:11,0.5455896177323483,14.241065386653197,8.164520626621169,2024-06-Isfjorden-Mooring-05
2024-07-02 02:23:11,0.3237077880667203,14.350764508224247,8.750858509079476,2024-06-Isfjorden-Mooring-05
2024-07-02 04:23:06,0.49479114494001347,14.860641966150725,9.27832803611309,2024-06-Isfjorden-Mooring-05
2024-07-02 06:23:06,0.2886152911792873,13.12537112651898,7.8249985643651145,2024-06-Isfjorden-Mooring-05
2024-07-02 08:23:15,0.2544296188918563,13.937524038971699,8.658305039368944,2024-06-Isfjorden-Mooring-05
2024-07-02 10:23:10,0.4426347800400366,14.58524805505753,8.899557742639592,2024-06-Isfjorden-Mooring-05
2024-07-02 12:23:17,0.563033118623979,13.351871786605559,7.8293837150141385,2024-06-Isfjorden-Mooring-05
2024-07-02 14:23:23,0.4980069007176761,13.518901545151238,7.804144656152691,2024-06-Isfjorden-Mooring-05
2024-07-02 16:24:28,0.2495643763291121,10.239934808780845,6.875036055965513,2024-06-Isfjorden-Mooring-05
2024-07-02 18:23:55,0.10620588573337277,9.881634857995442,6.814658051756891,2024-06-Isfjorden-Mooring-05
2024-07-02 20:23:11,0.5388530091521271,13.575323412215244,7.531105965972125,2024-06-Isfjorden-Mooring-05
2024-07-02 22:22:57,0.9781920342613267,14.395867518957656,7.882642088254845,2024-06-Isfjorden-Mooring-05
2024-07-03 00:23:03,0.9841641850392606,13.961318000525152,7.660265309003574,2024-06-Isfjorden-Mooring-05
2024-07-03 02:24:19,0.39985191806728015,10.339998796217891,6.65146745134158,2024-06-Isfjorden-Mooring-05
2024-07-03 04:23:04,0.21996888726109284,9.23799815135537,4.381430802154897,2024-06-Isfjorden-Mooring-05
2024-07-03 06:23:13,0.10876284217490394,4.276351194986298,3.5095155471728523,2024-06-Isfjorden-Mooring-05
2024-07-03 08:23:05,0.08927900532497282,7.57214642172891,3.7782958089633603,2024-06-Isfjorden-Mooring-05
2024-07-03 10:23:02,0.7079036105667871,12.616696547010696,6.712591616190676,2024-06-Isfjorden-Mooring-05
2024-07-03 12:23:06,0.5755324773636202,10.882209168702687,6.3377671515662115,2024-06-Isfjorden-Mooring-05
2024-07-03 14:23:06,0.7396357393529919,11.37809200053891,5.2309516693309694,2024-06-Isfjorden-Mooring-05
2024-07-03 16:23:03,0.7288815297578592,12.664062583340584,5.825588249009732,2024-06-Isfjorden-Mooring-05
2024-07-03 18:23:04,1.0103075437859166,13.81221552512114,7.229604932377683,2024-06-Isfjorden-Mooring-05
2024-07-03 20:23:04,0.8234468688729586,14.05937835485628,7.780176071122177,2024-06-Isfjorden-Mooring-05
2024-07-03 22:23:05,0.8818053745291043,13.664232180693132,7.400338561459105,2024-06-Isfjorden-Mooring-05
2024-07-04 00:23:12,0.47269522291870064,9.402041800153567,5.038634615759258,2024-06-Isfjorden-Mooring-05
2024-07-04 02:23:11,0.6987675831572612,13.22084401843456,7.161426892703017,2024-06-Isfjorden-Mooring-05
2024-07-04 04:23:03,1.9585934791513375,13.846524642369411,6.933767349392365,2024-06-Isfjorden-Mooring-05
2024-07-04 06:23:44,1.2112564936748211,10.866771675723829,5.7834878940478465,2024-06-Isfjorden-Mooring-05
2024-07-04 08:23:32,0.888696545760673,12.725657500388015,6.787772466746549,2024-06-Isfjorden-Mooring-05
2024-07-04 10:22:59,0.6613956703665209,14.084964653190529,8.396659536369178,2024-06-Isfjorden-Mooring-05
2024-07-04 12:23:12,0.6941791577650828,11.002890303439896,6.928373605214211,2024-06-Isfjorden-Mooring-05
2024-07-04 14:23:11,0.6118125151258166,12.507058947346499,7.087487881923248,2024-06-Isfjorden-Mooring-05
2024-07-04 16:22:54,0.47282715505993594,13.895968947212763,8.0555669180906,2024-06-Isfjorden-Mooring-05
2024-07-04 18:23:05,0.21889801147222712,12.06216235392124,5.893975535752074,2024-06-Isfjorden-Mooring-05
2024-07-04 20:23:07,0.9632182519299999,9.76566580803423,5.323072197537895,2024-06-Isfjorden-Mooring-05
2024-07-04 22:23:03,0.673212280884832,8.445119789542225,4.918468791266037,2024-06-Isfjorden-Mooring-05
2024-07-05 00:23:08,0.965619954575327,12.436976251906634,5.561377257234342,2024-06-Isfjorden-Mooring-05
2024-07-05 02:23:09,0.8252281103851149,13.588916649011264,6.674402001978527,2024-06-Isfjorden-Mooring-05
2024-07-05 04:23:52,0.8149146437130064,13.104934191768677,6.92381352996643,2024-06-Isfjorden-Mooring-05
2024-07-05 08:23:09,0.915854716279788,10.272977903637223,5.533769553818711,2024-06-Isfjorden-Mooring-05
2024-07-05 10:23:04,1.2198971305799569,9.654217993043792,4.756588822668416,2024-06-Isfjorden-Mooring-05
2024-07-05 12:23:09,0.8932487361181826,12.712982863028007,6.677461086365381,2024-06-Isfjorden-Mooring-05
2024-07-05 14:23:07,0.7529869371832758,9.731005752367041,5.108270042025686,2024-06-Isfjorden-Mooring-05
2024-07-05 16:22:58,0.7969002832709997,13.1265733299137,6.186157951801743,2024-06-Isfjorden-Mooring-05
2024-07-05 18:23:10,0.8708798921893147,13.48885146471794,7.877342784880743,2024-06-Isfjorden-Mooring-05
2024-07-05 20:23:06,0.7366012311380209,13.302171730208931,7.6118050967156154,2024-06-Isfjorden-Mooring-05
2024-07-05 22:22:55,0.6653257483985009,14.085915258535614,8.122256437845143,2024-06-Isfjorden-Mooring-05
2024-07-06 00:23:08,0.5526269620788212,14.423808288905253,8.049107855634672,2024-06-Isfjorden-Mooring-05
2024-07-06 02:23:08,0.7896349814409268,13.874051084025131,8.31686155222331,2024-06-Isfjorden-Mooring-05
2024-07-06 06:23:05,1.0133302478879513,15.462898298494595,9.038778001492494,2024-06-Isfjorden-Mooring-05
2024-07-06 08:23:04,0.7225151096826227,12.712504714555667,7.9126172552607725,2024-06-Isfjorden-Mooring-05
2024-07-06 10:22:59,0.4597860380236878,14.754292064772565,8.761562241020513,2024-06-Isfjorden-Mooring-05
2024-07-06 12:23:05,0.6020519170317368,12.679406365464278,8.136112070527549,2024-06-Isfjorden-Mooring-05
2024-07-06 14:23:05,0.427815194180088,14.473718635927872,8.320002654836575,2024-06-Isfjorden-Mooring-05
2024-07-06 16:22:58,0.35078038963301644,12.497943327009198,7.361954827918846,2024-06-Isfjorden-Mooring-05
2024-07-06 18:23:04,0.4424170731025083,13.950494956594802,8.251682666064418,2024-06-Isfjorden-Mooring-05
2024-07-06 20:23:10,0.713694817959926,13.725152951788626,7.817164386257817,2024-06-Isfjorden-Mooring-05
2024-07-06 22:23:04,0.8212082253510599,13.70764124968019,7.8583926612351025,2024-06-Isfjorden-Mooring-05
2024-07-07 00:23:09,0.21518593187879273,8.728959126976475,5.958645058799283,2024-06-Isfjorden-Mooring-05
2024-07-07 02:23:06,0.5060991158380822,13.7777484079157,6.915411197896278,2024-06-Isfjorden-Mooring-05
2024-07-07 04:23:06,0.2548883890148486,12.475487305683124,6.188020564036581,2024-06-Isfjorden-Mooring-05
2024-07-07 06:23:11,0.26737555172827226,10.828340821048005,6.752907517416125,2024-06-Isfjorden-Mooring-05
2024-07-07 08:23:02,0.3314384550756393,10.057883674746277,6.700372448945974,2024-06-Isfjorden-Mooring-05
2024-07-07 10:22:55,0.6924908102167688,13.509135883437649,7.03577604047088,2024-06-Isfjorden-Mooring-05
2024-07-07 12:23:03,0.43317444011475664,10.336932293849419,5.655912861926058,2024-06-Isfjorden-Mooring-05
2024-07-07 14:23:01,0.7573307353957347,9.221654987382268,4.331058267714805,2024-06-Isfjorden-Mooring-05
2024-07-07 16:22:55,0.5563820419818775,8.684047785671785,4.8278606971275195,2024-06-Isfjorden-Mooring-05
2024-07-07 18:23:04,0.877698461874827,9.60249882822648,4.494545397693723,2024-06-Isfjorden-Mooring-05
2024-07-07 20:23:08,1.1803772613916483,9.461780235559655,4.344333019391553,2024-06-Isfjorden-Mooring-05
2024-07-07 22:23:03,0.7622561423593315,13.11325769145472,5.908191987961718,2024-06-Isfjorden-Mooring-05
2024-07-08 00:25:37,0.20055459442177262,9.115537272707629,4.806216135266561,2024-06-Isfjorden-Mooring-05
2024-07-08 02:23:08,0.18465607224192357,11.789587076600345,5.523922640925318,2024-06-Isfjorden-Mooring-05
2024-07-08 04:23:02,0.5859563838857885,12.69411168548884,8.019652827159685,2024-06-Isfjorden-Mooring-05
2024-07-08 06:23:11,1.0950550964443833,14.305552364384543,8.63103514068525,2024-06-Isfjorden-Mooring-05
2024-07-08 08:23:09,1.3743106375131453,13.045371620176704,7.212927069579147,2024-06-Isfjorden-Mooring-05
2024-07-08 10:23:03,0.9963633737508446,11.31185373520493,6.9024465205047845,2024-06-Isfjorden-Mooring-05
2024-07-08 12:23:11,1.1921642451713153,10.582236997050853,5.615637582453837,2024-06-Isfjorden-Mooring-05
2024-07-08 14:23:56,1.3442085433212525,12.528756332557991,5.901025604716136,2024-06-Isfjorden-Mooring-05
2024-07-08 16:23:03,1.2886215215923666,10.74451945988085,5.82874929070435,2024-06-Isfjorden-Mooring-05
2024-07-08 18:23:11,1.2956870420512978,12.74706660151612,7.028323672320358,2024-06-Isfjorden-Mooring-05
2024-07-08 20:23:02,0.7060866546674587,8.877565318684464,5.723331041024917,2024-06-Isfjorden-Mooring-05
2024-07-08 22:23:03,1.1522180076538924,13.804389459519648,7.831304099729039,2024-06-Isfjorden-Mooring-05
2024-07-09 00:23:07,0.9761906432549395,13.457863436797005,7.632935616384444,2024-06-Isfjorden-Mooring-05
2024-07-09 06:23:14,0.13261349155963723,11.59264213879553,5.738337641985,2024-06-Isfjorden-Mooring-05
2024-07-09 08:23:04,0.34781565819062826,15.202831777176627,9.206837916348837,2024-06-Isfjorden-Mooring-05
2024-07-09 10:23:38,1.2417723086278167,13.834123188228903,8.017894714131128,2024-06-Isfjorden-Mooring-05
2024-07-09 12:23:21,1.2253945160401603,9.390197032711514,5.007466927079437,2024-06-Isfjorden-Mooring-05
2024-07-09 14:23:09,1.8592038862315614,11.84557024369048,5.5243288242457504,2024-06-Isfjorden-Mooring-05
2024-07-09 16:23:03,1.724379771600792,10.39389658107863,4.6916425885844255,2024-06-Isfjorden-Mooring-05
2024-07-09 18:23:11,1.3699537029089282,7.068208683041262,4.2828249096728985,2024-06-Isfjorden-Mooring-05
2024-07-09 20:23:09,1.562787002378099,7.472526032458887,4.328775937846372,2024-06-Isfjorden-Mooring-05
2024-07-09 22:23:03,1.4890437708191406,8.002399544648346,4.26605903179669,2024-06-Isfjorden-Mooring-05
2024-07-10 00:23:07,1.1558578791956318,6.093287116909672,4.051023230675934,2024-06-Isfjorden-Mooring-05
2024-07-10 02:23:07,1.5434952248376577,9.449830035140641,4.5078325835939745,2024-06-Isfjorden-Mooring-05
2024-07-10 04:23:12,1.5156635171085115,9.77797161688011,4.8141811054473225,2024-06-Isfjorden-Mooring-05
2024-07-10 06:23:02,2.1082299892947276,10.861233060489194,4.68687548969125,2024-06-Isfjorden-Mooring-05
2024-07-10 08:23:21,1.4464320656091574,9.079631473554398,4.450965564952396,2024-06-Isfjorden-Mooring-05
2024-07-10 10:23:51,1.5116552697254395,12.841084317953769,6.049183330974083,2024-06-Isfjorden-Mooring-05
2024-07-10 14:23:09,0.7767217302521509,9.748954375487834,4.768829001846646,2024-06-Isfjorden-Mooring-05
2024-07-10 16:23:05,1.2400230839991304,11.36940918121351,5.717559441370479,2024-06-Isfjorden-Mooring-05
2024-07-10 18:23:11,1.065535314399782,10.704678724317338,5.568910056075858,2024-06-Isfjorden-Mooring-05
2024-07-10 20:25:01,0.7651923768232021,9.014052918257036,4.736967373434858,2024-06-Isfjorden-Mooring-05
2024-07-10 22:22:54,0.3225796215134044,5.520761321460434,4.183525974708426,2024-06-Isfjorden-Mooring-05
2024-07-11 00:23:02,0.1587261923764099,6.353020082595097,4.832767665884443,2024-06-Isfjorden-Mooring-05
2024-07-11 02:23:06,0.20493407992019655,8.426579743343835,6.0212769904573715,2024-06-Isfjorden-Mooring-05
2024-07-11 04:22:55,0.17390172712968446,7.616900209031478,5.979388650394836,2024-06-Isfjorden-Mooring-05
2024-07-11 06:23:09,0.19572165612240533,6.683414107086198,5.445408273697405,2024-06-Isfjorden-Mooring-05
2024-07-11 08:23:10,0.16966079164202427,6.4783013652360015,5.698241670869157,2024-06-Isfjorden-Mooring-05
2024-07-11 10:22:56,0.24301042990422142,6.587557240302328,5.759245260324379,2024-06-Isfjorden-Mooring-05
2024-07-11 12:23:05,0.3316725352136871,6.5278962757786845,5.911308316232432,2024-06-Isfjorden-Mooring-05
2024-07-11 14:23:07,0.35956162516535367,6.771560541043506,6.2543055658993865,2024-06-Isfjorden-Mooring-05
2024-07-11 16:22:58,0.40826106150114094,7.2675009003180415,6.373754110650355,2024-06-Isfjorden-Mooring-05
2024-07-11 18:23:11,0.32204416881799514,6.21291399711998,5.564347745675494,2024-06-Isfjorden-Mooring-05
2024-07-11 20:23:11,0.2534531406114335,6.165547600628201,5.331799673174805,2024-06-Isfjorden-Mooring-05
2024-07-11 22:23:04,0.15727470836242563,5.644245838957019,5.006471574633878,2024-06-Isfjorden-Mooring-05
2024-07-12 00:23:09,0.14556986890842152,5.318479530499857,4.538188828222757,2024-06-Isfjorden-Mooring-05
2024-07-12 02:23:09,0.3519860913012379,9.115137558539658,5.151148573154183,2024-06-Isfjorden-Mooring-05
2024-07-12 04:23:00,0.1624874342653171,6.2425583588224915,4.227478536930637,2024-06-Isfjorden-Mooring-05
2024-07-12 06:23:13,0.12156867854391343,7.49645397518258,5.168275868119146,2024-06-Isfjorden-Mooring-05
2024-07-12 08:23:03,0.5299468015481474,13.754647590450718,7.707126995811243,2024-06-Isfjorden-Mooring-05
2024-07-12 10:23:04,0.9642710892917308,14.33983531655902,8.597263136206845,2024-06-Isfjorden-Mooring-05
2024-07-12 12:23:10,1.538890512865759,14.520691657615409,8.676771377376534,2024-06-Isfjorden-Mooring-05
2024-07-12 14:23:01,0.8064583924305149,6.956402172772202,4.570583530370052,2024-06-Isfjorden-Mooring-05
2024-07-12 16:22:56,2.0454080649066904,13.351321181401998,6.473896014329136,2024-06-Isfjorden-Mooring-05
2024-07-12 18:23:01,1.3928946718666033,13.670515374677688,6.9310864047145,2024-06-Isfjorden-Mooring-05
2024-07-12 20:23:17,1.2322318733049176,13.758531775966164,8.126147340713993,2024-06-Isfjorden-Mooring-05
2024-07-12 22:23:01,1.3181345896049668,13.912991758312941,7.771415951355043,2024-06-Isfjorden-Mooring-05
2024-07-13 00:23:03,1.3924606666898331,14.224454008597416,8.05038449435405,2024-06-Isfjorden-Mooring-05
2024-07-13 02:23:07,1.0941603031244986,13.584903243980703,8.015574561870304,2024-06-Isfjorden-Mooring-05
2024-07-13 04:23:04,0.8237306943163916,14.05120028261441,7.961450785344509,2024-06-Isfjorden-Mooring-05
2024-07-13 06:23:09,0.2622666395302814,13.27221905281398,7.064853892233388,2024-06-Isfjorden-Mooring-05
2024-07-13 12:24:17,1.6684495310572485,8.821572819059758,4.537798132274437,2024-06-Isfjorden-Mooring-05
2024-07-13 14:23:11,1.1375635893023213,5.766873504412143,4.132414024589758,2024-06-Isfjorden-Mooring-05
2024-07-13 16:23:03,1.8590406678883153,9.111877538891614,4.448087016028188,2024-06-Isfjorden-Mooring-05
2024-07-13 18:23:10,1.1402482917032661,7.494917786406293,4.436964889822241,2024-06-Isfjorden-Mooring-05
2024-07-13 22:23:02,0.9144209857858993,10.155224546330173,4.932102431817743,2024-06-Isfjorden-Mooring-05
2024-07-14 00:23:01,0.7618147538145068,11.27103662032126,5.346069427731575,2024-06-Isfjorden-Mooring-05
2024-07-14 02:23:01,0.8603944291447752,13.795553412795963,7.229537053150445,2024-06-Isfjorden-Mooring-05
2024-07-14 04:22:56,0.46459837932671005,13.101751339379001,7.732951009493587,2024-06-Isfjorden-Mooring-05
2024-07-14 06:23:05,0.17975854069557748,7.55250167514862,6.789625048888076,2024-06-Isfjorden-Mooring-05
2024-07-14 08:23:09,0.18956605030019236,6.651472293887868,6.242541166663523,2024-06-Isfjorden-Mooring-05
2024-07-14 10:22:56,0.7667671752257544,12.756120072327416,7.887474377403997,2024-06-Isfjorden-Mooring-05
2024-07-14 12:23:11,0.44510946725422934,7.976439420186464,5.920212780854671,2024-06-Isfjorden-Mooring-05
2024-07-14 14:23:03,1.1943462434806829,11.295229177212299,5.675131673864747,2024-06-Isfjorden-Mooring-05
2024-07-14 16:22:56,1.2639850718438275,8.795280079039491,4.198412864785834,2024-06-Isfjorden-Mooring-05
2024-07-14 18:23:12,1.3790214115423742,7.435378491851152,4.066871967464651,2024-06-Isfjorden-Mooring-05
2024-07-14 20:23:11,1.674446032335014,7.344933680532704,4.411786302246858,2024-06-Isfjorden-Mooring-05
2024-07-14 22:23:04,1.582915561385844,8.310076903184248,4.437147203479319,2024-06-Isfjorden-Mooring-05
2024-07-15 00:23:02,1.6657347408877727,9.082212385703663,4.416810288992118,2024-06-Isfjorden-Mooring-05
2024-07-15 02:23:09,1.362991672312695,8.378195967498048,4.402912286047478,2024-06-Isfjorden-Mooring-05
2024-07-15 04:22:57,0.7252775955178199,6.429463989811654,4.117689557270779,2024-06-Isfjorden-Mooring-05
2024-07-15 06:23:03,0.9495555350818872,9.569939205527374,4.6311348272061155,2024-06-Isfjorden-Mooring-05
2024-07-15 08:23:12,1.3980631216738353,9.89696980192662,4.496627330639704,2024-06-Isfjorden-Mooring-05
2024-07-15 10:23:09,1.0643777965003647,7.846850530310921,4.636744788438018,2024-06-Isfjorden-Mooring-05
2024-07-15 14:23:12,0.653715807191247,8.308295464440274,4.256376430550701,2024-06-Isfjorden-Mooring-05
2024-07-15 16:22:57,0.30186949518347683,7.032468000991581,4.160056459317573,2024-06-Isfjorden-Mooring-05
2024-07-15 18:23:02,0.17208536256651344,5.359883270029927,4.2383664888586,2024-06-Isfjorden-Mooring-05
2024-07-15 20:23:09,0.17718255318642656,5.241932227515558,4.492418470879863,2024-06-Isfjorden-Mooring-05
2024-07-15 22:23:03,0.5137404386469715,10.359480150594406,5.879489339302614,2024-06-Isfjorden-Mooring-05
2024-07-16 00:23:02,1.3768510792939004,6.528019359830668,4.306371915903981,2024-06-Isfjorden-Mooring-05
2024-07-16 02:23:08,1.2965455938539614,6.472009756450666,4.337711879157481,2024-06-Isfjorden-Mooring-05
2024-07-16 04:23:13,1.3197570890830927,7.374199970379499,4.3214641285807405,2024-06-Isfjorden-Mooring-05
2024-07-16 06:23:21,0.8081460802482324,5.928526745922021,4.134729520835552,2024-06-Isfjorden-Mooring-05
2024-07-16 08:23:18,1.6069152710073564,7.846643611292745,4.536223428426714,2024-06-Isfjorden-Mooring-05
2024-07-16 10:23:08,1.538725722297127,7.82831774487649,4.301192904161038,2024-06-Isfjorden-Mooring-05
2024-07-16 12:23:54,1.5104591207024203,7.407833894118972,4.29262811904421,2024-06-Isfjorden-Mooring-05
2024-07-16 14:23:11,2.174989589750075,9.094147024204734,4.556129156430048,2024-06-Isfjorden-Mooring-05
2024-07-16 16:23:05,1.6341636544529594,8.488369529528855,4.349538343757093,2024-06-Isfjorden-Mooring-05
2024-07-16 18:23:15,1.1206471590438667,9.139757577361923,4.464693955555126,2024-06-Isfjorden-Mooring-05
2024-07-16 20:23:39,0.9072173873099683,10.889050170591398,4.949604031448666,2024-06-Isfjorden-Mooring-05
2024-07-16 22:22:55,0.5808239561690188,10.804695859006856,5.004588327926895,2024-06-Isfjorden-Mooring-05
2024-07-17 00:23:02,0.17698998026871038,6.041276539457143,4.339601749834271,2024-06-Isfjorden-Mooring-05
2024-07-17 02:23:00,0.32930035361121074,8.877903292908751,5.960744316462209,2024-06-Isfjorden-Mooring-05
2024-07-17 04:22:55,0.14151422105880299,8.816319371715513,4.411310121324225,2024-06-Isfjorden-Mooring-05
2024-07-17 06:23:09,0.10570536356284684,9.285758177829354,4.494685303758375,2024-06-Isfjorden-Mooring-05
2024-07-17 08:23:08,0.17163587126133312,11.581784316441569,5.849221044980035,2024-06-Isfjorden-Mooring-05
2024-07-17 10:23:01,0.2726546084426903,10.508889156243388,6.5518125393190045,2024-06-Isfjorden-Mooring-05
2024-07-17 12:23:13,0.07137534158827925,4.302076944106451,3.7721405017582703,2024-06-Isfjorden-Mooring-05
2024-07-17 14:23:13,0.050830271331207405,11.175363678754456,5.437615382217845,2024-06-Isfjorden-Mooring-05
2024-07-17 16:23:11,0.028205976023791737,6.656328330866156,4.401203577098047,2024-06-Isfjorden-Mooring-05
2024-07-17 18:23:09,0.041551024452228566,8.885564122220774,4.401020027452832,2024-06-Isfjorden-Mooring-05
2024-07-17 20:23:15,0.040533534841182585,8.795127288610699,4.560056197092466,2024-06-Isfjorden-Mooring-05
2024-07-17 22:23:00,0.134780309121215,4.74469889758327,3.657124649376543,2024-06-Isfjorden-Mooring-05
2024-07-18 00:23:12,0.22547338195958652,5.580760134707298,3.7791055565841316,2024-06-Isfjorden-Mooring-05
2024-07-18 02:23:12,0.31499583990182184,6.709781437181195,3.9008681693706317,2024-06-Isfjorden-Mooring-05
2024-07-18 04:23:07,0.15052001377321225,6.045578579074911,3.659927456004618,2024-06-Isfjorden-Mooring-05
2024-07-18 06:23:08,0.1745195617095521,5.790266908743392,3.686590578438627,2024-06-Isfjorden-Mooring-05
2024-07-18 08:23:15,0.06985435603887409,4.724368545002578,3.5894744274734838,2024-06-Isfjorden-Mooring-05
2024-07-18 12:24:13,0.7336502314343376,12.136001515546951,5.507417524440244,2024-06-Isfjorden-Mooring-05
2024-07-18 14:23:24,0.3931529589072675,6.857505335492142,4.252955628040534,2024-06-Isfjorden-Mooring-05
2024-07-18 16:23:08,0.8075843910463957,8.438074470733714,4.444961068895103,2024-06-Isfjorden-Mooring-05
2024-07-18 18:23:12,0.508675033647833,5.1732336110126065,3.9760982704468084,2024-06-Isfjorden-Mooring-05
2024-07-18 20:23:12,0.42423190100572267,5.1801657103432674,3.9585085511650693,2024-06-Isfjorden-Mooring-05
2024-07-18 22:23:05,0.8677080280155641,9.09511103994912,4.391642002182819,2024-06-Isfjorden-Mooring-05
2024-07-19 00:23:10,1.0011995936647309,10.774347961565017,5.099620481300723,2024-06-Isfjorden-Mooring-05
2024-07-19 02:23:10,0.766149124310412,8.38872075735565,4.798748061782918,2024-06-Isfjorden-Mooring-05
2024-07-19 04:22:58,0.9543148046089133,10.423863982052765,4.865354957193086,2024-06-Isfjorden-Mooring-05
2024-07-19 06:23:33,1.0793782189923915,10.555993965285221,5.125600080197905,2024-06-Isfjorden-Mooring-05
2024-07-19 10:22:59,1.4135666451521167,12.4055540080661,6.394565145560412,2024-06-Isfjorden-Mooring-05
2024-07-19 12:23:06,1.300111829291187,10.147044617431712,4.735084946339709,2024-06-Isfjorden-Mooring-05
2024-07-19 14:23:13,1.729265115886451,11.016580764950215,5.003339506285771,2024-06-Isfjorden-Mooring-05
2024-07-19 16:24:00,1.4962995034462026,9.691854633217886,4.538629162704681,2024-06-Isfjorden-Mooring-05
2024-07-19 18:23:12,1.3716400101112356,11.418015504963039,5.144581435153865,2024-06-Isfjorden-Mooring-05
2024-07-19 20:23:17,0.4181949563293169,7.752801831762717,5.4324808013429005,2024-06-Isfjorden-Mooring-05
2024-07-19 22:22:55,0.3626468034051353,13.058639039003491,6.977758789324658,2024-06-Isfjorden-Mooring-05
2024-07-20 00:23:12,0.23782529051689286,13.9799799565733,6.992947878351922,2024-06-Isfjorden-Mooring-05
2024-07-20 04:23:06,0.13164849045056848,10.975331938171113,5.970807465528146,2024-06-Isfjorden-Mooring-05
2024-07-20 06:23:16,0.07208880816871276,8.295570867614964,5.358477850135288,2024-06-Isfjorden-Mooring-05
2024-07-20 08:23:13,1.2213833880032585,13.317215194526563,7.91555703355577,2024-06-Isfjorden-Mooring-05
2024-07-20 10:23:18,0.7445115675870715,14.043100611194872,8.100475795846066,2024-06-Isfjorden-Mooring-05
2024-07-20 12:23:18,0.8544720333974041,14.302564665050415,8.79289330341688,2024-06-Isfjorden-Mooring-05
2024-07-20 14:23:14,0.6823442910870261,14.519452674605136,8.625431952167387,2024-06-Isfjorden-Mooring-05
2024-07-20 16:23:53,0.43776950226446976,11.012260374449268,7.516848952489555,2024-06-Isfjorden-Mooring-05
2024-07-20 18:23:14,0.8226965499134336,13.87283236269045,7.458618789868981,2024-06-Isfjorden-Mooring-05
2024-07-20 20:23:12,0.8453227290593912,14.786138630776286,8.426283914562173,2024-06-Isfjorden-Mooring-05
2024-07-20 22:22:57,1.03269476875479,14.71068807797668,8.448587534580247,2024-06-Isfjorden-Mooring-05
2024-07-21 00:23:10,0.8006274148399579,14.755600117416602,8.489552362500136,2024-06-Isfjorden-Mooring-05
2024-07-21 02:24:42,1.1302845990734518,14.315922501054898,7.883665200460681,2024-06-Isfjorden-Mooring-05
2024-07-21 04:23:44,0.36834283982516747,12.697165659943282,6.1183353548520545,2024-06-Isfjorden-Mooring-05
2024-07-21 06:23:08,0.18671778520505622,10.911105863168643,7.155514295864283,2024-06-Isfjorden-Mooring-05
2024-07-21 08:23:12,0.3728413105628697,15.147908179469153,8.517627278298718,2024-06-Isfjorden-Mooring-05
2024-07-21 10:22:58,0.14799419545152304,13.890395129009764,7.105180688470334,2024-06-Isfjorden-Mooring-05
2024-07-21 12:23:17,0.1322854572550845,12.489134258908297,5.564953890947464,2024-06-Isfjorden-Mooring-05
2024-07-21 14:23:05,0.30571854790997866,12.503610407889514,7.700499236898125,2024-06-Isfjorden-Mooring-05
2024-07-21 16:23:09,0.06307589338179831,8.059499827653692,5.887988529791308,2024-06-Isfjorden-Mooring-05
2024-07-21 18:23:14,0.021530803766572647,10.226775294486204,5.019208129128647,2024-06-Isfjorden-Mooring-05
2024-07-21 20:23:11,0.040692541939964445,12.324337057038807,5.053896459969237,2024-06-Isfjorden-Mooring-05
2024-07-21 22:23:06,0.08798955242867854,14.993638906830395,7.670706771869013,2024-06-Isfjorden-Mooring-05
2024-07-22 00:23:11,0.0650478892208058,14.320894384840573,7.342339031000722,2024-06-Isfjorden-Mooring-05
2024-07-22 02:23:09,0.5546218382562843,15.435416908446916,9.855712136721678,2024-06-Isfjorden-Mooring-05
2024-07-22 04:23:05,0.09874890182330877,12.35911174345137,6.614399537177582,2024-06-Isfjorden-Mooring-05
2024-07-22 06:23:05,0.37721192606178716,14.342533329401098,7.261647896173678,2024-06-Isfjorden-Mooring-05
2024-07-22 08:23:32,0.3158578380455696,13.051761526992587,5.63969162175039,2024-06-Isfjorden-Mooring-05
2024-07-22 10:23:06,0.216171875895784,11.19560366147974,6.3740183110994835,2024-06-Isfjorden-Mooring-05
2024-07-22 12:23:31,0.3432002438195083,14.50042356502655,8.14438986144795,2024-06-Isfjorden-Mooring-05
2024-07-22 14:23:04,0.7905100195718927,14.434314790654268,8.59682400241503,2024-06-Isfjorden-Mooring-05
2024-07-22 16:23:52,0.12916721231199293,13.688968784351285,7.683535896777652,2024-06-Isfjorden-Mooring-05
2024-07-22 18:23:05,0.3762986132603594,14.219230066384254,8.817833735622314,2024-06-Isfjorden-Mooring-05
2024-07-22 20:23:08,0.06794935498560305,14.238816888082873,8.295714314731768,2024-06-Isfjorden-Mooring-05
2024-07-22 22:23:05,0.40044307848425786,13.696563989596287,8.14272782360446,2024-06-Isfjorden-Mooring-05
2024-07-23 00:23:24,0.4227695140853668,13.394428310566532,8.614459311411983,2024-06-Isfjorden-Mooring-05
2024-07-23 04:22:56,0.8635298178290385,11.974006785615176,7.150272800395551,2024-06-Isfjorden-Mooring-05
2024-07-23 06:23:12,1.315812466880305,14.665807578881573,8.352536349235725,2024-06-Isfjorden-Mooring-05
2024-07-23 08:23:09,1.2844791467460777,14.532819673731312,8.680255128545701,2024-06-Isfjorden-Mooring-05
2024-07-23 10:23:00,0.9800422115963108,13.36775332151962,7.865295717476538,2024-06-Isfjorden-Mooring-05
2024-07-23 12:23:12,1.1930978056265713,12.370440542990401,7.356699112707323,2024-06-Isfjorden-Mooring-05
2024-07-23 16:23:53,1.4016362558951716,9.630556814060165,4.499722572165902,2024-06-Isfjorden-Mooring-05
2024-07-23 18:23:04,1.0995229627931373,11.292384760041767,5.05163544988452,2024-06-Isfjorden-Mooring-05
2024-07-23 20:23:10,0.1746642587036518,7.013009561458909,3.9997446662935174,2024-06-Isfjorden-Mooring-05
2024-07-23 22:23:06,0.05728458903088381,6.231881948437683,4.253902495780177,2024-06-Isfjorden-Mooring-05
2024-07-24 00:23:11,0.08435335133562895,11.650399910843023,5.127474576273587,2024-06-Isfjorden-Mooring-05
2024-07-24 02:25:13,0.3094321662822953,14.44635427348377,8.522660122397093,2024-06-Isfjorden-Mooring-05
2024-07-24 04:23:05,0.7429645388049648,9.571186297914482,6.428979333973663,2024-06-Isfjorden-Mooring-05
2024-07-24 06:23:12,0.22578817276659516,9.321101877827846,6.870837810198542,2024-06-Isfjorden-Mooring-05
2024-07-24 08:23:12,0.05578039177789205,15.065078683120658,9.173786217073198,2024-06-Isfjorden-Mooring-05
2024-07-24 10:22:57,0.060420094415172494,11.838194828662834,8.044900007200278,2024-06-Isfjorden-Mooring-05
2024-07-24 12:23:14,0.3455240090181898,14.214013959191565,9.10445414350002,2024-06-Isfjorden-Mooring-05
2024-07-24 14:23:12,0.8860440994022446,10.892727762250408,6.252685435337064,2024-06-Isfjorden-Mooring-05
2024-07-24 16:23:42,0.6526311404569727,6.511577641110294,4.080047567048397,2024-06-Isfjorden-Mooring-05
2024-07-24 20:23:10,1.1801432385354451,11.47305146492855,5.385808789893325,2024-06-Isfjorden-Mooring-05
2024-07-24 22:22:57,0.5366681286029454,10.95001354006951,5.683799275149932,2024-06-Isfjorden-Mooring-05
2024-07-25 00:23:04,0.2748375538454784,11.776462679609624,5.673858983912448,2024-06-Isfjorden-Mooring-05
2024-07-25 02:23:02,0.06113126793883138,7.582061966233859,5.8859225475586054,2024-06-Isfjorden-Mooring-05
2024-07-25 04:23:06,0.08854410587305671,8.14479351791657,6.67584773734763,2024-06-Isfjorden-Mooring-05
2024-07-25 06:23:11,0.07176041032664564,7.646158781830355,6.343039787049612,2024-06-Isfjorden-Mooring-05
2024-07-25 08:23:13,0.1024347208552306,7.669920660700946,6.168056087985126,2024-06-Isfjorden-Mooring-05
2024-07-25 10:22:58,0.18297301090608425,9.736251705571794,6.352147436847947,2024-06-Isfjorden-Mooring-05
2024-07-25 12:23:11,0.33183021768393633,12.817465737144605,7.367176122641465,2024-06-Isfjorden-Mooring-05
2024-07-25 14:23:03,0.3439345621859974,9.516281742849916,4.5190362655109215,2024-06-Isfjorden-Mooring-05
2024-07-25 16:23:02,0.15327297530745254,5.397242144448479,4.268014551490126,2024-06-Isfjorden-Mooring-05
2024-07-25 18:23:04,0.25802365392655774,10.971258992790673,5.754650483722091,2024-06-Isfjorden-Mooring-05
2024-07-25 20:23:03,0.18743842472203498,9.647174689121952,5.3497789707254,2024-06-Isfjorden-Mooring-05
2024-07-25 22:23:04,0.19049944415626124,9.386306804476968,4.6213713393523745,2024-06-Isfjorden-Mooring-05
2024-07-26 00:23:31,0.1892904229617685,10.902180591375233,5.5403574768956725,2024-06-Isfjorden-Mooring-05
2024-07-26 02:23:10,0.10377131140211142,7.262789758352855,4.770422436621817,2024-06-Isfjorden-Mooring-05
2024-07-26 04:22:56,0.1527031606406798,9.14833808375096,4.853619088400382,2024-06-Isfjorden-Mooring-05
2024-07-26 06:23:06,0.10381652582823248,4.945898629903464,3.714982595915042,2024-06-Isfjorden-Mooring-05
2024-07-26 08:23:12,0.1553133525772368,10.963818154519535,4.99523301177412,2024-06-Isfjorden-Mooring-05
2024-07-26 10:23:07,0.11642896833906366,12.95166106916445,6.3830805484421,2024-06-Isfjorden-Mooring-05
2024-07-26 12:23:06,0.08800247756873165,9.360554352003717,4.83792762748609,2024-06-Isfjorden-Mooring-05
2024-07-26 14:23:13,0.06589842876185305,8.513759661877867,5.342033140239975,2024-06-Isfjorden-Mooring-05
2024-07-26 16:23:52,0.051269588426187326,5.849722632744949,4.61853010648295,2024-06-Isfjorden-Mooring-05
2024-07-26 18:23:13,0.12379512117031578,11.979774664792682,6.582562398944723,2024-06-Isfjorden-Mooring-05
2024-07-26 20:23:09,0.14749742596678972,11.698202913952034,7.216788388191073,2024-06-Isfjorden-Mooring-05
2024-07-26 22:22:58,0.1370134759626397,13.601901149079675,8.195036144865462,2024-06-Isfjorden-Mooring-05
2024-07-27 00:23:10,0.21431835655155626,13.59127901244182,8.157378260049791,2024-06-Isfjorden-Mooring-05
2024-07-27 02:25:00,0.28961909413916254,10.161858219575835,7.372000123182914,2024-06-Isfjorden-Mooring-05
2024-07-27 06:23:15,0.2750879758505032,11.908786825715906,7.746133067821499,2024-06-Isfjorden-Mooring-05
2024-07-27 08:23:12,0.28530944033376804,11.822058368589913,7.658115002043701,2024-06-Isfjorden-Mooring-05
2024-07-27 10:22:57,0.426321577645547,13.389467600722801,8.089440818538485,2024-06-Isfjorden-Mooring-05
2024-07-27 12:23:13,0.564088104822833,13.360137833376674,8.181158976865927,2024-06-Isfjorden-Mooring-05
2024-07-27 14:23:11,0.5627474107908598,13.95015269915113,8.172849717822912,2024-06-Isfjorden-Mooring-05
2024-07-27 16:22:57,0.24977789292836008,12.724954917901862,6.96265730111856,2024-06-Isfjorden-Mooring-05
2024-07-27 18:23:05,0.6084229072870643,14.87415688684607,9.234684437000078,2024-06-Isfjorden-Mooring-05
2024-07-27 20:23:51,0.20912608876290908,11.163854156381458,6.9066613604786555,2024-06-Isfjorden-Mooring-05
2024-07-27 22:23:05,0.11813923236788573,8.823703579115785,5.990443292314671,2024-06-Isfjorden-Mooring-05
2024-07-28 00:23:11,0.16522899491516665,10.140813589880311,6.350639040765555,2024-06-Isfjorden-Mooring-05
2024-07-28 02:23:05,0.16093960225717932,7.918584054323896,4.598386730085206,2024-06-Isfjorden-Mooring-05
2024-07-28 04:22:56,0.14566185952362876,12.18433537107504,6.000171978625026,2024-06-Isfjorden-Mooring-05
2024-07-28 06:23:15,0.08897274117403853,9.918207159453889,4.311200350815642,2024-06-Isfjorden-Mooring-05
2024-07-28 08:23:56,0.10941106482689986,15.355676703834149,8.550021789669936,2024-06-Isfjorden-Mooring-05
2024-07-28 10:23:14,0.09106615953676403,15.137555097275166,9.125611462752625,2024-06-Isfjorden-Mooring-05
2024-07-28 12:23:19,0.05794302904177146,14.117968368963622,8.24585582503935,2024-06-Isfjorden-Mooring-05
2024-07-28 14:24:00,0.06606056659173082,13.141383070119236,6.162302739971198,2024-06-Isfjorden-Mooring-05
2024-07-28 16:23:06,0.46943343454909053,9.429240778100542,6.523848404430132,2024-06-Isfjorden-Mooring-05
2024-07-28 18:23:05,0.6640384230681972,13.697688699194806,7.747615361916463,2024-06-Isfjorden-Mooring-05
2024-07-28 20:23:04,1.2419114335734087,13.162892444902855,7.215415665517698,2024-06-Isfjorden-Mooring-05
2024-07-28 22:23:06,0.666106351341568,11.550049759141524,7.822139410847945,2024-06-Isfjorden-Mooring-05
2024-07-29 00:23:41,1.1114142022036972,15.730760637685787,9.884996828332143,2024-06-Isfjorden-Mooring-05
2024-07-29 02:23:11,0.7130829924903682,12.52518849329211,5.47015479744949,2024-06-Isfjorden-Mooring-05
2024-07-29 04:23:06,0.431189784890868,12.094107013982176,5.360046245375252,2024-06-Isfjorden-Mooring-05
2024-07-29 06:25:39,0.5467188161786338,10.457654178938146,4.7513314220916625,2024-06-Isfjorden-Mooring-05
2024-07-29 08:24:54,0.27549688881998885,11.436989981943073,5.006043859387081,2024-06-Isfjorden-Mooring-05
2024-07-29 12:23:04,0.43634610418898756,12.79996408964272,7.222916143541979,2024-06-Isfjorden-Mooring-05
2024-07-29 14:23:03,0.6699051575831761,14.245174711693029,8.474678479490125,2024-06-Isfjorden-Mooring-05
2024-07-29 16:23:00,0.6400520202117655,13.999350846805465,7.930433568745629,2024-06-Isfjorden-Mooring-05
2024-07-29 18:23:11,0.9360407548471237,14.435644724623371,7.8297747718413495,2024-06-Isfjorden-Mooring-05
2024-07-29 20:23:11,1.0375561614516229,14.137860553814411,7.76331047409533,2024-06-Isfjorden-Mooring-05
2024-07-29 22:22:57,1.0254381961883863,14.337854776833803,8.25839125514416,2024-06-Isfjorden-Mooring-05
2024-07-30 00:23:13,0.4256789042749722,13.868150413905278,8.10972156546046,2024-06-Isfjorden-Mooring-05
2024-07-30 02:23:03,0.9848915754406871,13.527172732420913,7.94954344629706,2024-06-Isfjorden-Mooring-05
2024-07-30 04:23:06,0.7868338609714731,13.394962482687776,6.657535177432192,2024-06-Isfjorden-Mooring-05
2024-07-30 06:23:14,0.5566146257713823,14.0460386252107,8.25048953642688,2024-06-Isfjorden-Mooring-05
2024-07-30 08:26:22,0.4163771347494038,15.235398518208221,9.45871707123993,2024-06-Isfjorden-Mooring-05
2024-07-30 10:23:08,0.1687649634331467,9.01947142176088,6.713531863597675,2024-06-Isfjorden-Mooring-05
2024-07-30 12:23:14,0.18852410662208743,11.962427643427581,7.215133115693404,2024-06-Isfjorden-Mooring-05
2024-07-30 16:23:00,0.09732640702039969,13.550924798294755,7.848651281248908,2024-06-Isfjorden-Mooring-05
2024-07-30 18:23:05,0.19651000925786893,14.308979185880373,8.717672789094777,2024-06-Isfjorden-Mooring-05
2024-07-30 20:23:10,0.29642296833610177,13.657955450196116,8.279360807900428,2024-06-Isfjorden-Mooring-05
2024-07-30 22:22:57,0.09709508452003503,10.253692931271535,5.852430026580179,2024-06-Isfjorden-Mooring-05
2024-07-31 00:23:04,0.18322830677203927,13.52109585245718,7.334589674145774,2024-06-Isfjorden-Mooring-05
2024-07-31 02:23:03,0.13963195313560178,13.943066212481632,7.146500908170694,2024-06-Isfjorden-Mooring-05
2024-07-31 04:22:58,0.10393512816612756,12.029216502456244,6.980295978623482,2024-06-Isfjorden-Mooring-05
2024-07-31 06:23:29,0.13009944985396313,16.097769560726327,10.108571690513617,2024-06-Isfjorden-Mooring-05
2024-07-31 08:23:15,0.1755854461375055,13.704508381410223,8.097311293632002,2024-06-Isfjorden-Mooring-05
2024-07-31 10:23:12,0.0686977555603704,9.770051590894562,6.8676057943724755,2024-06-Isfjorden-Mooring-05
2024-07-31 12:23:35,0.12306486618256827,12.778764731521782,7.405255502955768,2024-06-Isfjorden-Mooring-05
2024-07-31 16:23:09,0.15174530153438323,11.68503254510389,7.452179773981042,2024-06-Isfjorden-Mooring-05
2024-07-31 18:23:08,0.12364849846525439,12.89629938169137,8.088952170234817,2024-06-Isfjorden-Mooring-05
2024-07-31 20:23:05,0.17766926098430433,13.694000882999227,7.842007329665146,2024-06-Isfjorden-Mooring-05
2024-07-31 22:23:08,0.084302440325251,12.31604943250933,6.604458410107434,2024-06-Isfjorden-Mooring-05
2024-08-01 02:23:59,0.14868076218436635,14.686039041971707,8.738806397692908,2024-06-Isfjorden-Mooring-05
